一级评论;实际爬取到的二级评论内容;单条评论情绪值;信任度指数1;正向情绪最大绝对值;负向情绪最大绝对值;情绪极性差值;信任度指数2;一级评论账号的粉丝数;信任度指数4;信任度值;归一化信任度值
太太那个网站啊想试试了[doge];回复@水螅_蹲等玛丽重制:好滴谢谢太太！;-0.2206384202372198
太太那个网站啊想试试了[doge];回复@麻薯豆乳烧:或者你直接搜mubert;0.012732665690786682
太太那个网站啊想试试了[doge];姐妹截到视频封面了吗[允悲]我手好慢;0.9674701772760412
太太那个网站啊想试试了[doge];好的谢谢太太[团圆兔];0.9929797993737304
太太那个网站啊想试试了[doge];你看视频封面那个就是，渣浪不让我发链接;0.5912679071966405
-----;------;------;0.49431923647237375;0.9929797993737304;-0.2206384202372198;1.2136182196109502;0.3931908901945249;26;2.9412832751053515e-06;0.3550046389234145;0.6082390060974052
AI已经可以作曲了;回复@麦芽脆心R:不管了，到了我也死了。芍芍和丹丹也不在了，不操心了;-0.09825229320192386
AI已经可以作曲了;回复@朱缇尘:不晓得多少年可以迭代到莫扎特（或者永远到不了？）;-0.9231175360404906
AI已经可以作曲了;回复@麦芽脆心R:还行，本科生的水平吧;0.7649247317052523
AI已经可以作曲了;以你的评估，质量如何？;-0.8357198367951573
-----;------;------;0.6795459749542153;0.7649247317052523;-0.9231175360404906;1.688042267745743;0.15597886612712852;863;9.762797947753533e-05;0.33422946202843307;0.5726443361673954
机器人代替人类工作，人类的躺吃时代要来临了。//@邵宛誉的视窗:未来要考大学的孩子可以参考。;回复@我就是喜欢看小说:是的，应该包括各种服务，包括让机器人学得更快更好的各种数据。;0.9901056215684241
机器人代替人类工作，人类的躺吃时代要来临了。//@邵宛誉的视窗:未来要考大学的孩子可以参考。;回复@邵宛誉的视窗:这一天很快的。机器人一上线，真人就要不断修改，设计更优的机器人程式。;0.9976905883297769
机器人代替人类工作，人类的躺吃时代要来临了。//@邵宛誉的视窗:未来要考大学的孩子可以参考。;人类要考虑为机器服务的工作了。;0.8952544228496402
-----;------;------;0.046604064698067556;0.9976905883297769;;0;1.0;98597;0.011153911810598553;0.42087240824134675;0.7210920287094146
wow这可以，这样词曲创作的话效果如何我去看看;蛮不错的啊;0.8640623947880435
wow这可以，这样词曲创作的话效果如何我去看看;这太可以了;-0.31224995237188
wow这可以，这样词曲创作的话效果如何我去看看;要不说我，还真不知道;-0.6387818073329998
wow这可以，这样词曲创作的话效果如何我去看看;现在就去听一听;0.27804265378011683
wow这可以，这样词曲创作的话效果如何我去看看;我觉得还行;0.4388888888888891
wow这可以，这样词曲创作的话效果如何我去看看;可以去看看;0.026322386563048417
wow这可以，这样词曲创作的话效果如何我去看看;创作效果很棒的;0.9532786027800704
wow这可以，这样词曲创作的话效果如何我去看看;我觉得还行吧;0.4388888888888891
wow这可以，这样词曲创作的话效果如何我去看看;可以看看啊;0.052465563615616606
wow这可以，这样词曲创作的话效果如何我去看看;我觉得挺好的;0.6568492441998204
wow这可以，这样词曲创作的话效果如何我去看看;我也打算哦[打call];-0.09124009751922424
wow这可以，这样词曲创作的话效果如何我去看看;效果太好了;0.15740925759395497
wow这可以，这样词曲创作的话效果如何我去看看;可以去看一下;0.14954845994026367
wow这可以，这样词曲创作的话效果如何我去看看;一起冲冲冲;0.0
-----;------;------;0.42107522339606396;0.9532786027800704;-0.6387818073329998;1.5920604101130702;0.2039697949434649;53;5.995692830022448e-06;0.2500192064743776;0.4283646380295439
生活上更多的故事继续发生，温暖依旧如期而至;必须冲起来了;0.052465563615616606
生活上更多的故事继续发生，温暖依旧如期而至;可以的冲吧;0.052465563615616606
生活上更多的故事继续发生，温暖依旧如期而至;相信自己的实力;0.7142857142857142
生活上更多的故事继续发生，温暖依旧如期而至;细节很充分;0.7813401259867219
生活上更多的故事继续发生，温暖依旧如期而至;惊喜满满啊[鲜花];0.9066537090551035
生活上更多的故事继续发生，温暖依旧如期而至;肯定有很多温暖;0.9141345426393144
生活上更多的故事继续发生，温暖依旧如期而至;期待更多的故事[good];0.7666709762590109
生活上更多的故事继续发生，温暖依旧如期而至;温暖还会继续;0.9084666665387526
生活上更多的故事继续发生，温暖依旧如期而至;真的超级温暖呀;0.837673352426493
生活上更多的故事继续发生，温暖依旧如期而至;期待更多的故事[赞];0.9766419588014976
生活上更多的故事继续发生，温暖依旧如期而至;一起冲冲冲;0.0
生活上更多的故事继续发生，温暖依旧如期而至;期待更好的故事[爱你];0.9495258167436189
-----;------;------;0.36575968057309866;0.9766419588014976;0.0;0;1.0;157;1.7760825930443856e-05;0.5463074243944256;0.9360032191269001
这首歌真的是AI写的吗？还真挺好听的[允悲]AI也太牛了;听起来很投入;0.4775948236966929
这首歌真的是AI写的吗？还真挺好听的[允悲]AI也太牛了;对啊很厉害滴;0.03956104523071624
这首歌真的是AI写的吗？还真挺好听的[允悲]AI也太牛了;可厉害的那种;0.030242419752343652
这首歌真的是AI写的吗？还真挺好听的[允悲]AI也太牛了;确实挺好听;0.828190455073426
这首歌真的是AI写的吗？还真挺好听的[允悲]AI也太牛了;她真的很牛;0.627862806240342
这首歌真的是AI写的吗？还真挺好听的[允悲]AI也太牛了;ai真的是厉害;-0.16593018612565058
这首歌真的是AI写的吗？还真挺好听的[允悲]AI也太牛了;确实是写的很好;0.7119046180223878
-----;------;------;0.3618441329264022;0.828190455073426;-0.16593018612565058;0.9941206411990766;0.5029396794004617;45;5.090682591528493e-06;0.3459145430672639;0.5926647001231445
不知不觉网易严选已经陪伴我们七年时光了[doge]，希望以后继续陪我们走下去[doge];网易很会啊;0.3493491614757116
不知不觉网易严选已经陪伴我们七年时光了[doge]，希望以后继续陪我们走下去[doge];时间过的太快了;0.11502746134210518
不知不觉网易严选已经陪伴我们七年时光了[doge]，希望以后继续陪我们走下去[doge];确实很棒了;0.9675182218919733
不知不觉网易严选已经陪伴我们七年时光了[doge]，希望以后继续陪我们走下去[doge];会越来越棒滴;0.9327053444625131
不知不觉网易严选已经陪伴我们七年时光了[doge]，希望以后继续陪我们走下去[doge];会越来越好的;0.46585356016757884
不知不觉网易严选已经陪伴我们七年时光了[doge]，希望以后继续陪我们走下去[doge];时间真的太快了;0.28123038714137016
-----;------;------;0.32240088022079144;0.9675182218919733;;0;1.0;8;9.050102384939543e-07;0.5289605330903643;0.906282323203796
喜欢这首歌曲的旋律和歌词，单曲循环听起来了;必须听起来了;0.1801418439716307
喜欢这首歌曲的旋律和歌词，单曲循环听起来了;歌曲很好听;0.6135659513573841
喜欢这首歌曲的旋律和歌词，单曲循环听起来了;真的太上头了;-0.35133749360236854
喜欢这首歌曲的旋律和歌词，单曲循环听起来了;那是必须的啊;0.052465563615616606
喜欢这首歌曲的旋律和歌词，单曲循环听起来了;真的特别好听;-0.17267138340035948
喜欢这首歌曲的旋律和歌词，单曲循环听起来了;赶紧开始单曲循环;-0.9276644315863685
-----;------;------;0.47686067202826693;0.6135659513573841;-0.9276644315863685;1.5412303829437526;0.2293848085281237;45;5.090682591528493e-06;0.2824992103590746;0.48401350318459857
不止我一个人被一首品牌歌给戳到了吧，现在出歌没有两把刷子都不行呀，太卷了;我也被戳到了;0.0
-----;------;------;0.0;0.0;0.0;0;1.0;36;4.072546073222794e-06;0.40000081450921465;0.6853321652163644
网易你怎么这么会啊[doge]谐音梗还是你会玩儿，如期不就是七年吗！;真的是太会了;-0.09356969941129512
-----;------;------;0.0;;-0.09356969941129512;0;1.0;51;5.769440270398959e-06;0.40000115388805413;0.6853327466832676
感谢每个深夜有网易云的陪伴，希望可以越来越好!;所以时间到了开始emo[doge];0.027539675097048688
感谢每个深夜有网易云的陪伴，希望可以越来越好!;可以的可以的;0.052465563615616606
-----;------;------;0.012462944259283959;0.052465563615616606;;0;1.0;2;2.262525596234886e-07;0.40498522295422557;0.6938720864066082
嚯嚯嚯！不得不说我看的了这个满减！找时间去shopping一下[哈哈]http://t.cn/A6NL2KFt;安排上啊[憧憬];-0.216129013259597
嚯嚯嚯！不得不说我看的了这个满减！找时间去shopping一下[哈哈]http://t.cn/A6NL2KFt;太赞了啊;0.0
嚯嚯嚯！不得不说我看的了这个满减！找时间去shopping一下[哈哈]http://t.cn/A6NL2KFt;真的好听;-0.32568363742355366
嚯嚯嚯！不得不说我看的了这个满减！找时间去shopping一下[哈哈]http://t.cn/A6NL2KFt;太喜欢听这首歌;0.6869979550501244
嚯嚯嚯！不得不说我看的了这个满减！找时间去shopping一下[哈哈]http://t.cn/A6NL2KFt;这个福利我也要;0.75
嚯嚯嚯！不得不说我看的了这个满减！找时间去shopping一下[哈哈]http://t.cn/A6NL2KFt;超喜欢听如期;0.5128317676547851
嚯嚯嚯！不得不说我看的了这个满减！找时间去shopping一下[哈哈]http://t.cn/A6NL2KFt;特别的绝了;0.16212982654489316
嚯嚯嚯！不得不说我看的了这个满减！找时间去shopping一下[哈哈]http://t.cn/A6NL2KFt;冲冲冲;0.0
嚯嚯嚯！不得不说我看的了这个满减！找时间去shopping一下[哈哈]http://t.cn/A6NL2KFt;必须安排;0.03384615384615386
嚯嚯嚯！不得不说我看的了这个满减！找时间去shopping一下[哈哈]http://t.cn/A6NL2KFt;我觉得可以;0.052465563615616606
嚯嚯嚯！不得不说我看的了这个满减！找时间去shopping一下[哈哈]http://t.cn/A6NL2KFt;谁不喜欢;0.10207621360568786
嚯嚯嚯！不得不说我看的了这个满减！找时间去shopping一下[哈哈]http://t.cn/A6NL2KFt;这福利真的蛮不错的。;0.9775064433386993
嚯嚯嚯！不得不说我看的了这个满减！找时间去shopping一下[哈哈]http://t.cn/A6NL2KFt;真的是绝了;0.17175920156578717
嚯嚯嚯！不得不说我看的了这个满减！找时间去shopping一下[哈哈]http://t.cn/A6NL2KFt;@前线娱乐;0.7212753129719116
-----;------;------;0.38316149516395875;0.9775064433386993;-0.32568363742355366;1.303190080762253;0.3484049596188735;114;1.289639589853885e-05;0.29262916119231264;0.5013694206884076
这不是纯纯属于放福利了吗？我想薅羊毛[彩虹屁];是啊薅起来！;0.0
这不是纯纯属于放福利了吗？我想薅羊毛[彩虹屁];福利好棒;0.9556685372852296
这不是纯纯属于放福利了吗？我想薅羊毛[彩虹屁];我也来薅羊毛了;-0.05246556361561838
这不是纯纯属于放福利了吗？我想薅羊毛[彩虹屁];说的没错呢;-0.46133876042797306
这不是纯纯属于放福利了吗？我想薅羊毛[彩虹屁];赶紧去吧;-0.4332734684132087
这不是纯纯属于放福利了吗？我想薅羊毛[彩虹屁];哈哈哈我也想;0.7528970484055715
这不是纯纯属于放福利了吗？我想薅羊毛[彩虹屁];太划算了;0.3143354705368959
这不是纯纯属于放福利了吗？我想薅羊毛[彩虹屁];爱了爱了;0.7767320794978658
这不是纯纯属于放福利了吗？我想薅羊毛[彩虹屁];我也是呢;0.052465563615616606
这不是纯纯属于放福利了吗？我想薅羊毛[彩虹屁];这样的羊毛都喜欢薅。;0.1981635914773201
这不是纯纯属于放福利了吗？我想薅羊毛[彩虹屁];肯定是福利啊[打call];0.686367651745839
这不是纯纯属于放福利了吗？我想薅羊毛[彩虹屁];福利太好了;0.7000235270488353
-----;------;------;0.4631397573390792;0.9556685372852296;-0.46133876042797306;1.4170072977132027;0.29149635114339867;2968;0.00033575879848125705;0.3019215951526874;0.5172903979844351
我还没有听呢，现在都卷到这个地步了，正好去看看有什么需要的！http://t.cn/A6NL2NwJ;还不错呢[憧憬];0.6583523082493461
我还没有听呢，现在都卷到这个地步了，正好去看看有什么需要的！http://t.cn/A6NL2NwJ;太卷了啊;-0.40902668893759553
我还没有听呢，现在都卷到这个地步了，正好去看看有什么需要的！http://t.cn/A6NL2NwJ;真让人感受到科技的力量;0.9869454509542348
我还没有听呢，现在都卷到这个地步了，正好去看看有什么需要的！http://t.cn/A6NL2NwJ;这首如期超级动听;0.5189968139029304
我还没有听呢，现在都卷到这个地步了，正好去看看有什么需要的！http://t.cn/A6NL2NwJ;机不可失，失不再来[求关注];0.30152266050695054
我还没有听呢，现在都卷到这个地步了，正好去看看有什么需要的！http://t.cn/A6NL2NwJ;@前线娱乐;0.7212753129719116
-----;------;------;0.44140469281570294;0.9869454509542348;-0.40902668893759553;1.3959721398918303;0.30201393005408483;435;4.920993171810877e-05;0.29737729113425876;0.5095045195577316
AI机器人都可以做歌了！！我觉得实在是太牛了吧！！http://t.cn/A6NL2Cg2;好传奇啊;0.9483841155471986
AI机器人都可以做歌了！！我觉得实在是太牛了吧！！http://t.cn/A6NL2Cg2;未来已来，太让人惊叹;0.9589726891494943
AI机器人都可以做歌了！！我觉得实在是太牛了吧！！http://t.cn/A6NL2Cg2;真的太厉害了;-0.5753023278659399
AI机器人都可以做歌了！！我觉得实在是太牛了吧！！http://t.cn/A6NL2Cg2;@前线娱乐;0.7212753129719116
-----;------;------;0.6356553878251937;0.9589726891494943;-0.5753023278659399;1.5342750170154342;0.23286249149228289;95;1.0746996582115708e-05;0.3474093011263071;0.5952257093509272
我只能说真的很牛啊，这个歌手梦都开始搞上AI[赞][赞]http://t.cn/A6NL2W20;真的很厉害！;0.19162526282660153
-----;------;------;0.0;0.19162526282660153;;0;1.0;301;3.405101022333503e-05;0.4000068102020447;0.6853424377983196
这样的折扣我感觉还挺划算的我们大家一起去听如期http://t.cn/A6NL295a;@前线娱乐;0.7212753129719116
-----;------;------;0.0;0.7212753129719116;;0;1.0;61;6.900703068516402e-06;0.4000013801406137;0.6853331343278696
这次的活动也是很惊喜了[哈哈]我也想要参与起来福利满满的样子http://t.cn/A6NL29ba;@前线娱乐;0.7212753129719116
这次的活动也是很惊喜了[哈哈]我也想要参与起来福利满满的样子http://t.cn/A6NL29ba;真滴不错啊[色];0.33648938243920146
-----;------;------;0.19239296526635508;0.7212753129719116;;0;1.0;546;6.176694877721239e-05;0.47696953949629745;0.8172047540611183
现在都这么卷了？只是没想到还有这么多的福利，我也去看看http://t.cn/A6NL2oof;一起去看看;0.026322386563048417
现在都这么卷了？只是没想到还有这么多的福利，我也去看看http://t.cn/A6NL2oof;@前线娱乐;0.7212753129719116
-----;------;------;0.3474764632044316;0.7212753129719116;;0;1.0;82;9.276354944563032e-06;0.5389924405527616;0.9234702603606004
还得是网易严选啊，这一次的活动又给我们带来了很多的惊喜，很多好的产品都很值得去看看http://t.cn/A6NL2oIu;也太棒啦;0.8011822071642303
还得是网易严选啊，这一次的活动又给我们带来了很多的惊喜，很多好的产品都很值得去看看http://t.cn/A6NL2oIu;@前线娱乐;0.7212753129719116
-----;------;------;0.039953447096159334;0.8011822071642303;;0;1.0;17;1.923146756799653e-06;0.4159817634678151;0.7127127553420316
小兵出品，必属精品，网易严选这次也是非常给力。[打call][打call];很给力呢;0.29951684715896154
小兵出品，必属精品，网易严选这次也是非常给力。[打call][打call];真的不错;0.7954798345952971
小兵出品，必属精品，网易严选这次也是非常给力。[打call][打call];网易这次太给力了;-0.31136006018985185
小兵出品，必属精品，网易严选这次也是非常给力。[打call][打call];太给力了;-0.35883691693780917
小兵出品，必属精品，网易严选这次也是非常给力。[打call][打call];说的是呢;-0.21917107282960968
-----;------;------;0.4444742650235238;0.7954798345952971;-0.35883691693780917;1.1543167515331063;0.42284162423344684;1209;0.00013676967229239885;0.34695370963724675;0.5944451321862658
这个满减优惠也太划算了。活动超给力。;确实很给力;0.5186340270863874
这个满减优惠也太划算了。活动超给力。;特别给力;0.16212982654489316
这个满减优惠也太划算了。活动超给力。;真的不错;0.7954798345952971
这个满减优惠也太划算了。活动超给力。;给我冲鸭;-0.40000000000000013
这个满减优惠也太划算了。活动超给力。;真的是啊;0.22222222222222254
-----;------;------;0.40005886414000097;0.7954798345952971;-0.40000000000000013;1.1954798345952973;0.40226008270235136;121;1.368827985722106e-05;0.3209303163929124;0.5498585518806757
这个优惠力度真的很大了，可以尝试一下;这么好的福利，必须尝试。;0.9078320945061769
-----;------;------;0.0;0.9078320945061769;;0;1.0;1137;0.00012862458014595326;0.4000257249160292;0.6853748448870536
不得不说AI人工智能现在真的是越来越厉害了，已经开始期待了;太厉害了吧;-0.5810152417023446
不得不说AI人工智能现在真的是越来越厉害了，已经开始期待了;已经期待住了;0.13345803711158033
不得不说AI人工智能现在真的是越来越厉害了，已经开始期待了;我也是，特别期待;0.5088758256233055
不得不说AI人工智能现在真的是越来越厉害了，已经开始期待了;特别特别期待。;0.6198643917895794
不得不说AI人工智能现在真的是越来越厉害了，已经开始期待了;真的是超级让人期待了;0.4619350305541494
不得不说AI人工智能现在真的是越来越厉害了，已经开始期待了;越来越高科技了;0.7545444514427757
不得不说AI人工智能现在真的是越来越厉害了，已经开始期待了;太佩服了啊;0.07033242408414675
-----;------;------;0.4196865998360455;0.7545444514427757;-0.5810152417023446;1.3355596931451204;0.3322201534274398;16;1.8100204769879087e-06;0.3007630633094896;0.5153054541848955
不得不说现在的AI真的越来越高科技了，不得不感叹一下;ai也太牛了;-0.17095597270648621
不得不说现在的AI真的越来越高科技了，不得不感叹一下;必须很不错的;0.8401521259342635
不得不说现在的AI真的越来越高科技了，不得不感叹一下;确实很不错哦;0.9028028756412108
不得不说现在的AI真的越来越高科技了，不得不感叹一下;这也太牛了;-0.11956280392283669
不得不说现在的AI真的越来越高科技了，不得不感叹一下;真的很厉害;0.19162526282660153
不得不说现在的AI真的越来越高科技了，不得不感叹一下;谁说不是呢[允悲];0.8326447246544113
不得不说现在的AI真的越来越高科技了，不得不感叹一下;希望未来可以发展得更好;0.9849010908464044
不得不说现在的AI真的越来越高科技了，不得不感叹一下;真的好多高科技[good];0.8476483669447488
不得不说现在的AI真的越来越高科技了，不得不感叹一下;这就是科技的力量;0.9641179799773507
不得不说现在的AI真的越来越高科技了，不得不感叹一下;还挺新颖的，想听一下;0.8438034014887588
不得不说现在的AI真的越来越高科技了，不得不感叹一下;真的太绝了;0.008581291297650617
不得不说现在的AI真的越来越高科技了，不得不感叹一下;真的太牛了;-0.11109549696600429
不得不说现在的AI真的越来越高科技了，不得不感叹一下;科技发展越来越好了;0.9440266453616186
不得不说现在的AI真的越来越高科技了，不得不感叹一下;可以听到更多样性的音乐;0.7932668903129068
不得不说现在的AI真的越来越高科技了，不得不感叹一下;真的越来越好了;0.4281502040108207
-----;------;------;0.43815956618951907;0.9849010908464044;-0.17095597270648621;1.1558570635528906;0.4220714682235547;502;5.678939246549564e-05;0.3441037716437226;0.5895622566895478
现在的人工智能太厉害了;确实厉害了;-0.02295905134290721
现在的人工智能太厉害了;确实很厉害;0.27847274782729436
现在的人工智能太厉害了;好厉害呀;-0.018499710030799754
-----;------;------;0.14105698454572657;0.27847274782729436;-0.02295905134290721;0.3014317991702016;0.8492841004148992;523;5.9165044341542265e-05;0.39614826699311867;0.6787314918301252
咱就说，这首歌曲也太好听了吧，而且还是网易严选七周年的主题曲，可以单曲循环听起来了;马上单曲循环了[爱你];-0.5565562366649304
咱就说，这首歌曲也太好听了吧，而且还是网易严选七周年的主题曲，可以单曲循环听起来了;赶紧单曲循环了;-0.9276644315863685
-----;------;------;0.18555409746071905;;-0.9276644315863685;0;1.0;119;1.3462027297597572e-05;0.4742243313897472;0.8125013150995252
ai现在也太高级了，还真是想不到，好怕人被取代了;确实很高级;0.305044639075702
-----;------;------;0.0;0.305044639075702;;0;1.0;9;1.0181365183056986e-06;0.4000002036273037;0.6853311185759389
网易严选也太会了吧，我也要去看看AI这个人工智能作曲作词;简直不要太智能了;-0.7891112713944888
-----;------;------;0.0;;-0.7891112713944888;0;1.0;11;1.2443890779291873e-06;0.4000002488778156;0.6853311961048592
真的还挺好听的，听的很上头;确实挺好听;0.828190455073426
-----;------;------;0.0;0.828190455073426;;0;1.0;1;1.131262798117443e-07;0.40000002262525597;0.6853308084602571
这谁顶得住啊[彩虹屁];倒是觉得特别;-0.1345248311270233
这谁顶得住啊[彩虹屁];出乎意料呢;0.7600000000000002
这谁顶得住啊[彩虹屁];反正我是不行的;-0.7866783103284816
-----;------;------;0.634007766301711;0.7600000000000002;-0.7866783103284816;1.5466783103284818;0.2266608448357591;58;6.561324229081169e-06;0.34426875671983387;0.589844930062547
阿来？我还真不知道网易搞了个这样的活动，我去看看;现在就去试试看;0.5746028353714197
阿来？我还真不知道网易搞了个这样的活动，我去看看;我也是这么觉得;0.052465563615616606
阿来？我还真不知道网易搞了个这样的活动，我去看看;我也要去看看;0.026322386563048417
阿来？我还真不知道网易搞了个这样的活动，我去看看;我觉得还行;0.4388888888888891
阿来？我还真不知道网易搞了个这样的活动，我去看看;感觉好棒啊;0.7687898766084227
阿来？我还真不知道网易搞了个这样的活动，我去看看;不要错过啊;0.6388888888888888
阿来？我还真不知道网易搞了个这样的活动，我去看看;赶紧去看看;-0.4332734684132087
-----;------;------;0.3969545898769215;0.7687898766084227;-0.4332734684132087;1.2020633450216314;0.3989683274891843;53;5.995692830022448e-06;0.31837036608500835;0.5454725200934285
喜欢，嘿嘿;[打call];0.0
-----;------;------;0.0;0.0;0.0;0;1.0;1;1.131262798117443e-07;0.40000002262525597;0.6853308084602571
楼主继续加油哦，永远支持啦.;[给力];0.0
-----;------;------;0.0;0.0;0.0;0;1.0;73;8.258218426257334e-06;0.4000016516436853;0.6853335995013922
我们很喜欢的系列，感觉给我们带来不一样的惊喜了[憧憬]http://t.cn/A6N2FvlV;真让人惊叹;0.8716625791067154
我们很喜欢的系列，感觉给我们带来不一样的惊喜了[憧憬]http://t.cn/A6N2FvlV;爱了爱了[awsl];0.7550354851400818
我们很喜欢的系列，感觉给我们带来不一样的惊喜了[憧憬]http://t.cn/A6N2FvlV;没错没错;-0.46206778253808056
我们很喜欢的系列，感觉给我们带来不一样的惊喜了[憧憬]http://t.cn/A6N2FvlV;真的很惊喜;0.9187703616643723
我们很喜欢的系列，感觉给我们带来不一样的惊喜了[憧憬]http://t.cn/A6N2FvlV;一起来感受;0.43523316062176143
我们很喜欢的系列，感觉给我们带来不一样的惊喜了[憧憬]http://t.cn/A6N2FvlV;无比赞同;0.27006584444123316
我们很喜欢的系列，感觉给我们带来不一样的惊喜了[憧憬]http://t.cn/A6N2FvlV;哈哈哈哈;0.7368421052631582
我们很喜欢的系列，感觉给我们带来不一样的惊喜了[憧憬]http://t.cn/A6N2FvlV;我也很喜欢;0.6238908595328863
我们很喜欢的系列，感觉给我们带来不一样的惊喜了[憧憬]http://t.cn/A6N2FvlV;好爱这首歌;0.5822243075558349
我们很喜欢的系列，感觉给我们带来不一样的惊喜了[憧憬]http://t.cn/A6N2FvlV;带来惊喜。;0.8235378436576792
我们很喜欢的系列，感觉给我们带来不一样的惊喜了[憧憬]http://t.cn/A6N2FvlV;很不错哦;0.8401521259342635
我们很喜欢的系列，感觉给我们带来不一样的惊喜了[憧憬]http://t.cn/A6N2FvlV;@娱乐News;0.7212753129719116
我们很喜欢的系列，感觉给我们带来不一样的惊喜了[憧憬]http://t.cn/A6N2FvlV;我感觉也是;0.09661835748792269
-----;------;------;0.37542956404941996;0.9187703616643723;-0.46206778253808056;1.3808381442024529;0.30958092789877356;312;3.529539930126422e-05;0.2740112558591377;0.46947086220813694
这也太卷了吧！真是没想到啊！竟然是AI独立完成啊http://t.cn/A6N2FvxJ;好传奇啊;0.9483841155471986
这也太卷了吧！真是没想到啊！竟然是AI独立完成啊http://t.cn/A6N2FvxJ;未来己来，真的感受到了;0.9088743466242843
这也太卷了吧！真是没想到啊！竟然是AI独立完成啊http://t.cn/A6N2FvxJ;给我冲鸭;-0.40000000000000013
这也太卷了吧！真是没想到啊！竟然是AI独立完成啊http://t.cn/A6N2FvxJ;真的没想到;-0.007228311994968761
这也太卷了吧！真是没想到啊！竟然是AI独立完成啊http://t.cn/A6N2FvxJ;真的好厉害;0.15374802518146424
这也太卷了吧！真是没想到啊！竟然是AI独立完成啊http://t.cn/A6N2FvxJ;真的好厉害;0.15374802518146424
这也太卷了吧！真是没想到啊！竟然是AI独立完成啊http://t.cn/A6N2FvxJ;必须夸一波;0.6875877795184138
这也太卷了吧！真是没想到啊！竟然是AI独立完成啊http://t.cn/A6N2FvxJ;确实啊;0.30769230769230815
这也太卷了吧！真是没想到啊！竟然是AI独立完成啊http://t.cn/A6N2FvxJ;真的有点厉害了;-0.2727775250959763
这也太卷了吧！真是没想到啊！竟然是AI独立完成啊http://t.cn/A6N2FvxJ;太强了啊;-0.6923076923076923
这也太卷了吧！真是没想到啊！竟然是AI独立完成啊http://t.cn/A6N2FvxJ;太厉害了;-0.5810152417023446
这也太卷了吧！真是没想到啊！竟然是AI独立完成啊http://t.cn/A6N2FvxJ;真的是太卷了。;-0.25519605597252726
这也太卷了吧！真是没想到啊！竟然是AI独立完成啊http://t.cn/A6N2FvxJ;真没想到啊;-0.1704457501079928
这也太卷了吧！真是没想到啊！竟然是AI独立完成啊http://t.cn/A6N2FvxJ;ai超乎我想象;0.3969492742012959
-----;------;------;0.5031447457211571;0.9483841155471986;-0.6923076923076923;1.6406918078548909;0.17965409607255456;49;5.543187710775471e-06;0.27312064535502684;0.4679449552524333
牛啊现在ai居然连作词作曲都能独立完成，我要去听听http://t.cn/A6N2ksI6;超动听的如期;0.5108604764809734
牛啊现在ai居然连作词作曲都能独立完成，我要去听听http://t.cn/A6N2ksI6;真让人大开眼界;0.3264824759553344
牛啊现在ai居然连作词作曲都能独立完成，我要去听听http://t.cn/A6N2ksI6;必须支持;0.25342465753424603
牛啊现在ai居然连作词作曲都能独立完成，我要去听听http://t.cn/A6N2ksI6;超级好听;-0.4674850423474364
牛啊现在ai居然连作词作曲都能独立完成，我要去听听http://t.cn/A6N2ksI6;真的很牛;0.627862806240342
牛啊现在ai居然连作词作曲都能独立完成，我要去听听http://t.cn/A6N2ksI6;实力杠杠的;0.6875877795184147
牛啊现在ai居然连作词作曲都能独立完成，我要去听听http://t.cn/A6N2ksI6;大家快去听;0.5131325304232546
牛啊现在ai居然连作词作曲都能独立完成，我要去听听http://t.cn/A6N2ksI6;真的好牛;0.603626804197348
牛啊现在ai居然连作词作曲都能独立完成，我要去听听http://t.cn/A6N2ksI6;真的很好听;0.13506354858115843
牛啊现在ai居然连作词作曲都能独立完成，我要去听听http://t.cn/A6N2ksI6;科技太强大了;0.7124512824132812
牛啊现在ai居然连作词作曲都能独立完成，我要去听听http://t.cn/A6N2ksI6;赶快去听一听。;0.3600007199858273
牛啊现在ai居然连作词作曲都能独立完成，我要去听听http://t.cn/A6N2ksI6;@娱乐News;0.7212753129719116
-----;------;------;0.32280094515833546;0.7212753129719116;-0.4674850423474364;1.188760355319348;0.405619822340326;1762;0.00019932850502829344;0.29140817270047026;0.49927746823114744
我连着听了好几遍，真的是越听越上头，没想到是AI独立完成的http://t.cn/A6N2F2W8;太神奇了;0.5486971903035922
我连着听了好几遍，真的是越听越上头，没想到是AI独立完成的http://t.cn/A6N2F2W8;@娱乐News;0.7212753129719116
-----;------;------;0.0862890613341597;0.7212753129719116;;0;1.0;42;4.751303752093261e-06;0.4345165747944143;0.7444689466235931
没想到Ai现在都这么厉害了，而且每句何必都很温暖http://t.cn/A6N2FPKe;对的，很温暖;0.9320789981466604
没想到Ai现在都这么厉害了，而且每句何必都很温暖http://t.cn/A6N2FPKe;@娱乐News;0.7212753129719116
-----;------;------;0.1054018425873744;0.9320789981466604;;0;1.0;82;9.276354944563032e-06;0.4421625923059387;0.7575690742892944
科技已经发展都这么厉害了，以后AI会代替很多人的工作http://t.cn/A6N2Fvin;真让人惊喜不己;0.8156244221033704
科技已经发展都这么厉害了，以后AI会代替很多人的工作http://t.cn/A6N2Fvin;确实是啊;0.30769230769230815
科技已经发展都这么厉害了，以后AI会代替很多人的工作http://t.cn/A6N2Fvin;@娱乐News;0.7212753129719116
-----;------;------;0.22059205422884137;0.8156244221033704;;0;1.0;129;1.4593290095715013e-05;0.48823974034955575;0.8365142926245926
真的也太厉害了，现在竟然连AI都可以创作出歌曲了，真的好牛啊http://t.cn/A6N2ksnE;也太佩服啦;0.07033242408414675
真的也太厉害了，现在竟然连AI都可以创作出歌曲了，真的好牛啊http://t.cn/A6N2ksnE;真的很牛;0.627862806240342
真的也太厉害了，现在竟然连AI都可以创作出歌曲了，真的好牛啊http://t.cn/A6N2ksnE;@娱乐News;0.7212753129719116
-----;------;------;0.2873814089778131;0.7212753129719116;;0;1.0;73;8.258218426257334e-06;0.5149542152348106;0.8822849217124195
再这样下去我怕我直接被ai给取代了，这也太强了吧http://t.cn/A6NAkHPO;@娱乐News;0.7212753129719116
-----;------;------;0.0;0.7212753129719116;;0;1.0;261;2.952595903086526e-05;0.4000059051918062;0.6853408872199112
这么厉害了吗现在很牛呀;可不是嘛;-0.19999999999999973
-----;------;------;0.0;;-0.19999999999999973;0;1.0;1041;0.00011776445728402581;0.4000235528914568;0.6853711234988735
感觉这个曲风做的真的很好听，我以为(✪▽✪)可以让人有愉快的心情呀;真的是非常期待了;0.5161792216330228
-----;------;------;0.0;0.5161792216330228;;0;1.0;9;1.0181365183056986e-06;0.4000002036273037;0.6853311185759389
AI的功能远远超出了我的想象;说的没错;-0.46133876042797306
-----;------;------;0.0;;-0.46133876042797306;0;1.0;412;4.660802728243865e-05;0.4000093216054565;0.6853467406534026
AI作词竟然已经这麽高级了！你还别说，歌手们可以让AI来做[doge]http://t.cn/A6N2eQMV;真的是很厉害;0.19162526282660153
AI作词竟然已经这麽高级了！你还别说，歌手们可以让AI来做[doge]http://t.cn/A6N2eQMV;确实很高级;0.305044639075702
AI作词竟然已经这麽高级了！你还别说，歌手们可以让AI来做[doge]http://t.cn/A6N2eQMV;或许可以的;0.5352112676056338
AI作词竟然已经这麽高级了！你还别说，歌手们可以让AI来做[doge]http://t.cn/A6N2eQMV;确实越来越厉害了;0.10325986993390135
AI作词竟然已经这麽高级了！你还别说，歌手们可以让AI来做[doge]http://t.cn/A6N2eQMV;有点优秀了[打call];0.6165832002314688
AI作词竟然已经这麽高级了！你还别说，歌手们可以让AI来做[doge]http://t.cn/A6N2eQMV;对呀，真的太高级了;-0.5555446255771816
AI作词竟然已经这麽高级了！你还别说，歌手们可以让AI来做[doge]http://t.cn/A6N2eQMV;真的很高级了;0.21944279015086865
AI作词竟然已经这麽高级了！你还别说，歌手们可以让AI来做[doge]http://t.cn/A6N2eQMV;牛的[doge];0.20015981070484035
-----;------;------;0.331203471432143;0.6165832002314688;-0.5555446255771816;1.1721278258086505;0.41393608709567475;76;8.597597265692566e-06;0.2980575429305803;0.5106700132756316
？？？什么情况，AI已经越来越过分[苦涩]下一次还要做什么，彻底替代我吗[苦涩];我真的会哭;0.5814208232957143
？？？什么情况，AI已经越来越过分[苦涩]下一次还要做什么，彻底替代我吗[苦涩];没错没错;-0.46206778253808056
？？？什么情况，AI已经越来越过分[苦涩]下一次还要做什么，彻底替代我吗[苦涩];真的惊讶到了;0.5198042307862873
？？？什么情况，AI已经越来越过分[苦涩]下一次还要做什么，彻底替代我吗[苦涩];真的好厉害。;0.15374802518146424
？？？什么情况，AI已经越来越过分[苦涩]下一次还要做什么，彻底替代我吗[苦涩];有点震撼啊！;0.6097560975609759
？？？什么情况，AI已经越来越过分[苦涩]下一次还要做什么，彻底替代我吗[苦涩];应该不会吧;-0.20859450581057026
？？？什么情况，AI已经越来越过分[苦涩]下一次还要做什么，彻底替代我吗[苦涩];这种情况太吓人;-0.9186208390000206
？？？什么情况，AI已经越来越过分[苦涩]下一次还要做什么，彻底替代我吗[苦涩];哈哈哈不会的！;0.5910768720149027
？？？什么情况，AI已经越来越过分[苦涩]下一次还要做什么，彻底替代我吗[苦涩];真的有点厉害呀;-0.2727775250959763
-----;------;------;0.5259044233536113;0.6097560975609759;-0.9186208390000206;1.5283769365609965;0.23581153171950175;39;4.4119249126580275e-06;0.3046872644142278;0.5220288935937738
这个确实是有点让我震惊了，确实再训练一下，就可以登台了呢;对的，好牛;0.481822183627832
这个确实是有点让我震惊了，确实再训练一下，就可以登台了呢;很让人震惊。;0.14154406849709655
这个确实是有点让我震惊了，确实再训练一下，就可以登台了呢;一起来看看;0.052465563615616606
这个确实是有点让我震惊了，确实再训练一下，就可以登台了呢;应该可以的;0.052465563615616606
这个确实是有点让我震惊了，确实再训练一下，就可以登台了呢;确实可以啊;0.30769230769230815
这个确实是有点让我震惊了，确实再训练一下，就可以登台了呢;可怕[苦涩];0.6224195887132085
这个确实是有点让我震惊了，确实再训练一下，就可以登台了呢;可以考虑一下;0.008395061728394992
这个确实是有点让我震惊了，确实再训练一下，就可以登台了呢;确实很不错;0.9028028756412108
这个确实是有点让我震惊了，确实再训练一下，就可以登台了呢;的确不错;0.7644609281757742
这个确实是有点让我震惊了，确实再训练一下，就可以登台了呢;真的挺震撼的;0.8280530676493694
-----;------;------;0.33055164776391877;0.9028028756412108;;0;1.0;12;1.3575153577409315e-06;0.5322209306086392;0.9118684500555799
现在既然可以这么厉害了，真的令人佩服啊，还可以创作歌曲了呀;真的让人惊喜;0.8324668998077751
现在既然可以这么厉害了，真的令人佩服啊，还可以创作歌曲了呀;我特别佩服这种技术;0.43748247858530664
现在既然可以这么厉害了，真的令人佩服啊，还可以创作歌曲了呀;很让人佩服;0.6878759259898912
-----;------;------;0.16316866570828714;0.8324668998077751;;0;1.0;7;7.918839586822101e-07;0.4652676246601066;0.797155548307115
AI已经这么能打了吗？好牛啊，确实有点想看它和歌手们pk[doge];现在的AI越来越厉害;-0.2111408617339099
AI已经这么能打了吗？好牛啊，确实有点想看它和歌手们pk[doge];确实是这样;0.30769230769230815
-----;------;------;0.259416584713109;0.30769230769230815;-0.2111408617339099;0.518833169426218;0.740583415286891;4;4.525051192469772e-07;0.40000009050102386;0.6853309247536378
真是没想到现在的AI真的越来越厉害了，但我觉得创作还是得靠人;科技在发展;0.880342140989756
-----;------;------;0.0;0.880342140989756;;0;1.0;2;2.262525596234886e-07;0.40000004525051197;0.6853308472247174
感觉这首歌的曲风跟歌词真的是非常的搭配呀，而且真的是很有心。;真的是很用心;0.8422656531376891
-----;------;------;0.0;0.8422656531376891;;0;1.0;9;1.0181365183056986e-06;0.4000002036273037;0.6853311185759389
不得不佩服了呀，这个看起来真不错呀，很高级的样子了http://t.cn/A6N2e37l;我也这么觉得;0.052465563615616606
不得不佩服了呀，这个看起来真不错呀，很高级的样子了http://t.cn/A6N2e37l;越来越牛了;0.36444755072130675
-----;------;------;0.15599099355284507;0.36444755072130675;;0;1.0;306;3.4616641622393754e-05;0.4624033207494625;0.792248059297804
震惊我了，AI创作的这首歌还挺好听的，可以训练一下[爱你][爱你][爱你];已经这么厉害了呀;-0.28070175438596534
震惊我了，AI创作的这首歌还挺好听的，可以训练一下[爱你][爱你][爱你];可以训练一下;0.7894736842105263
震惊我了，AI创作的这首歌还挺好听的，可以训练一下[爱你][爱你][爱你];真的有被震惊到啊！;0.6920854957657199
震惊我了，AI创作的这首歌还挺好听的，可以训练一下[爱你][爱你][爱你];听了觉得要失业的程度[苦涩];0.7605603517195827
-----;------;------;0.44657211924464313;0.7894736842105263;-0.28070175438596534;1.0701754385964917;0.46491228070175417;1;1.131262798117443e-07;0.36459378260381486;0.6246683441454361
AI现在真是越来越走入大众的实现了，这么厉害我竟然有点惊;确实很强啊;0.7363572254979882
AI现在真是越来越走入大众的实现了，这么厉害我竟然有点惊;真的我也挺惊的;0.008581291297650617
AI现在真是越来越走入大众的实现了，这么厉害我竟然有点惊;是这样的;0.052465563615616606
-----;------;------;0.33321521989887215;0.7363572254979882;;0;1.0;60;6.787576788704658e-06;0.5332874454749067;0.9136957386910578
感觉这个歌还挺好听的，的确非常不错，可以试试去听听http://t.cn/A6N2eYnE;一定来试试;0.5051546391752577
感觉这个歌还挺好听的，的确非常不错，可以试试去听听http://t.cn/A6N2eYnE;一起来听听;0.7647058823529409
感觉这个歌还挺好听的，的确非常不错，可以试试去听听http://t.cn/A6N2eYnE;真的么，还没听过呢;-0.3096136360242143
-----;------;------;0.4576967236637434;0.7647058823529409;-0.3096136360242143;1.0743195183771552;0.4628402408114224;2;2.262525596234886e-07;0.3682148310405783;0.6308723839261183
真的是太牛气了，看起来就很高级的感觉，期待以后更多的精彩表现;不得不佩服;0.4328237871877303
真的是太牛气了，看起来就很高级的感觉，期待以后更多的精彩表现;那是必须的啊支持;0.25342465753424603
-----;------;------;0.08969956482674213;0.4328237871877303;;0;1.0;12;1.3575153577409315e-06;0.4358800974337684;0.7468051066734085
现在作词作曲都这么高级的吗，真的是很厉害了，真的被震惊到了。;我觉得也是的好哦就是这么优秀;0.8402609603464521
-----;------;------;0.0;0.8402609603464521;;0;1.0;25;2.8281569952936073e-06;0.4000005656313991;0.6853317388073021
不得不说AI现在也是越来越普遍了科技发展很快啊http://t.cn/A6N2dpsq;AI绘画和ChatGPT试试小程序:一句话AI;0.2699923658062655
不得不说AI现在也是越来越普遍了科技发展很快啊http://t.cn/A6N2dpsq;我觉得好呢;0.3117256417880858
不得不说AI现在也是越来越普遍了科技发展很快啊http://t.cn/A6N2dpsq;确实有点东西;0.14155936749151898
不得不说AI现在也是越来越普遍了科技发展很快啊http://t.cn/A6N2dpsq;真的好厉害啊;0.15374802518146424
不得不说AI现在也是越来越普遍了科技发展很快啊http://t.cn/A6N2dpsq;感觉科技发展太快了;0.897101871980821
不得不说AI现在也是越来越普遍了科技发展很快啊http://t.cn/A6N2dpsq;未来可期啊;0.780284906296048
不得不说AI现在也是越来越普遍了科技发展很快啊http://t.cn/A6N2dpsq;真的很厉害;0.19162526282660153
不得不说AI现在也是越来越普遍了科技发展很快啊http://t.cn/A6N2dpsq;打工人怎么办;0.1649849568681898
不得不说AI现在也是越来越普遍了科技发展很快啊http://t.cn/A6N2dpsq;真的太快了[允悲];0.9504083585271195
不得不说AI现在也是越来越普遍了科技发展很快啊http://t.cn/A6N2dpsq;发展好快啊;0.8151819067857224
-----;------;------;0.32742172084094007;0.9504083585271195;;0;1.0;324;3.665291465900515e-05;0.5309760189193078;0.9097355093399481
想不到现在AI可以包办作词作曲了，不过如果有好歌也还是会支持的http://t.cn/A6N2dNig;AI绘画和ChatGPT试试小程序:一句话AI[送花花][送花花][送花花];0.9141050813151663
想不到现在AI可以包办作词作曲了，不过如果有好歌也还是会支持的http://t.cn/A6N2dNig;现在可以一条龙服务了;-0.030488842515184578
想不到现在AI可以包办作词作曲了，不过如果有好歌也还是会支持的http://t.cn/A6N2dNig;好厉害呀;-0.018499710030799754
想不到现在AI可以包办作词作曲了，不过如果有好歌也还是会支持的http://t.cn/A6N2dNig;@正向娱乐;0.823726946967849
-----;------;------;0.4478665873481287;0.9141050813151663;-0.030488842515184578;0.9445939238303509;0.5277030380848245;128;1.448016381590327e-05;0.39023074620594445;0.6685928441407126
真的是没想到AI这么厉害了这也太卷了吧http://t.cn/A6N2djHz;真的太卷了;-0.40185590268249904
真的是没想到AI这么厉害了这也太卷了吧http://t.cn/A6N2djHz;谁说不是呢[坏笑];-0.5143520623669999
真的是没想到AI这么厉害了这也太卷了吧http://t.cn/A6N2djHz;超级厉害啊;-0.42084404005704745
-----;------;------;0.04917054848069796;;-0.5143520623669999;0;1.0;179;2.024960408630223e-05;0.4196722693130965;0.7190357983708154
不敢相信这首歌完全是AI助力创作，确实有点东西[打call]http://t.cn/A6N2gtkN;有点东西;-0.12234810581341904
不敢相信这首歌完全是AI助力创作，确实有点东西[打call]http://t.cn/A6N2gtkN;太厉害啦[赞];0.45453195678774616
-----;------;------;0.2884400313005826;0.45453195678774616;-0.12234810581341904;0.5768800626011652;0.7115599686994174;76;8.597597265692566e-06;0.4000017195194532;0.6853337157947728
居然是AI完成的！现在科技发展的太快了http://t.cn/A6N2dKgn;太牛了吧！;-0.11956280392283669
居然是AI完成的！现在科技发展的太快了http://t.cn/A6N2dKgn;真的很不错诶;-0.10632635890026387
-----;------;------;0.006618222511286409;;-0.11956280392283669;0;1.0;67;7.579460747386868e-06;0.40264880489666405;0.6898690384423087
ai真的发展太快了之前没想到这么有威胁http://t.cn/A6N2dKrt;对啊对啊意料之外;0.3382664271397302
ai真的发展太快了之前没想到这么有威胁http://t.cn/A6N2dKrt;@正向娱乐;0.823726946967849
-----;------;------;0.2427302599140594;0.823726946967849;;0;1.0;67;7.579460747386868e-06;0.49709361985777323;0.851683882769994
歌词真的好温暖;很喜欢的啊;0.6238908595328863
歌词真的好温暖;确实好暖啊;0.259414537904771
歌词真的好温暖;我也觉得;0.052465563615616606
歌词真的好温暖;说出了大家的心声;0.618920688968988
歌词真的好温暖;说出了我的心声;0.618920688968988
歌词真的好温暖;我也感受到;0.43523316062176143
歌词真的好温暖;并且很温柔;0.8137742589316228
歌词真的好温暖;真的很温暖;0.9515082516681543
歌词真的好温暖;就是需要的;0.052465563615616606
歌词真的好温暖;体会到了温柔;0.8730371410833844
歌词真的好温暖;也是很温暖了;0.9320789981466604
歌词真的好温暖;真的很有爱了[爱你];0.9086186490570609
歌词真的好温暖;就是很温暖的;0.9320789981466604
歌词真的好温暖;很暖心了也是;0.862854392551412
歌词真的好温暖;是有技术的;-0.08771929824561364
歌词真的好温暖;歌词好好啊;0.9074415350532941
歌词真的好温暖;太暖心了这也;0.5510388863012285
歌词真的好温暖;歌词写得很好;0.913122391009348
歌词真的好温暖;歌词写得好;0.8445998301703153
歌词真的好温暖;听起来很温柔;0.853178037111243
歌词真的好温暖;技术含量很高呀;0.25938484172896503
歌词真的好温暖;很难不同意;-0.45614690209465736
-----;------;------;0.3922874205730379;0.9515082516681543;-0.45614690209465736;1.4076551537628117;0.29617242311859415;1163715;0.131646748711124;0.3017132872188776;0.516933498392906
现在的ai真的太厉害了，还有什么是做不到的呢;确实很厉害;0.27847274782729436
现在的ai真的太厉害了，还有什么是做不到的呢;非常厉害了;-0.28070175438596534
现在的ai真的太厉害了，还有什么是做不到的呢;真的厉害了;-0.2727775250959763
现在的ai真的太厉害了，还有什么是做不到的呢;真的太惊喜了;0.6240698026283187
现在的ai真的太厉害了，还有什么是做不到的呢;ai也太牛了;-0.17095597270648621
现在的ai真的太厉害了，还有什么是做不到的呢;觉得好厉害;-0.018499710030799754
现在的ai真的太厉害了，还有什么是做不到的呢;真的很厉害;0.19162526282660153
现在的ai真的太厉害了，还有什么是做不到的呢;真的太强了啊[赞];0.3009819655443515
现在的ai真的太厉害了，还有什么是做不到的呢;科技的力量啊;0.9641179799773507
现在的ai真的太厉害了，还有什么是做不到的呢;真是太厉害了;-0.5810152417023446
现在的ai真的太厉害了，还有什么是做不到的呢;啥都能做到了;0.10242200328407236
现在的ai真的太厉害了，还有什么是做不到的呢;我也觉得确实是蛮厉害。;0.3570440275554583
-----;------;------;0.4078362153409188;0.9641179799773507;-0.5810152417023446;1.5451332216796954;0.22743338916015232;7;7.918839586822101e-07;0.2541080001772202;0.435370078368285
真的被ai震惊到了，一个人就是一个团队啊;完全心动啊;0.6190476190476186
真的被ai震惊到了，一个人就是一个团队啊;真的很厉害;0.19162526282660153
真的被ai震惊到了，一个人就是一个团队啊;真是被震撼到了;0.6097560975609759
真的被ai震惊到了，一个人就是一个团队啊;一个AI顶了几个人的活[污][污];-0.8416015555402985
-----;------;------;0.5950368846003014;0.6190476190476186;-0.8416015555402985;1.460649174587917;0.26967541270604145;5;5.656313990587215e-07;0.34588503204881693;0.5926141381006776
就感觉现在AI的技术已经发展到居然可以就是能够就通过歌词来表达一种感觉就很厉害。;发展的太快了;0.7082696052887403
就感觉现在AI的技术已经发展到居然可以就是能够就通过歌词来表达一种感觉就很厉害。;正是如此了;0.5714285714285716
就感觉现在AI的技术已经发展到居然可以就是能够就通过歌词来表达一种感觉就很厉害。;真的好厉害哦;0.15374802518146424
就感觉现在AI的技术已经发展到居然可以就是能够就通过歌词来表达一种感觉就很厉害。;确实很厉害;0.27847274782729436
就感觉现在AI的技术已经发展到居然可以就是能够就通过歌词来表达一种感觉就很厉害。;真的有被震惊。;0.6920854957657199
-----;------;------;0.22472064044536466;0.7082696052887403;;0;1.0;181;2.0475856645925717e-05;0.4898923513494751;0.8393457555460488
AI现在越来越好了连作词作曲都可以做到;确实很牛了;0.6804127286953587
-----;------;------;0.0;0.6804127286953587;;0;1.0;24;2.715030715481863e-06;0.4000005430061431;0.6853317000428419
现在竟然也是可以这样的啊，这样的话，就是很方便的做歌曲;感觉好高级;0.05489664093147706
-----;------;------;0.0;0.05489664093147706;;0;1.0;9;1.0181365183056986e-06;0.4000002036273037;0.6853311185759389
歌词看起来真的是太温暖了。;真的太暖了;0.09092476952538564
-----;------;------;0.0;0.09092476952538564;;0;1.0;101;1.1425754260986175e-05;0.40000228515085223;0.6853346849062779
这ai确实很牛了也是，蛮强的这次，好温暖啊;真的越来越厉害。;-0.1520808407579748
-----;------;------;0.0;;-0.1520808407579748;0;1.0;1438;0.0001626755903692883;0.4000325351180739;0.6853865129895762
老歌手们再不出歌我就去听AI了;支持歌手内卷！[开学季];0.5763409209677102
-----;------;------;0.0;0.5763409209677102;;0;1.0;2;2.262525596234886e-07;0.40000004525051197;0.6853308472247174
灵魂这东西，对AI来说就是多训练几把的事情;原来AI音乐人也是养成系;-0.2484191630298549
-----;------;------;0.0;;-0.2484191630298549;0;1.0;6;6.787576788704658e-07;0.4000001357515358;0.6853310022825582
妈耶也太厉害了吧;有点子厉害;-0.32833191616727686
妈耶也太厉害了吧;真的很厉害啊！;0.19162526282660153
妈耶也太厉害了吧;太厉害了[打call];-0.6147414617577422
妈耶也太厉害了吧;超级的厉害;-0.42084404005704745
妈耶也太厉害了吧;哎有点恐怖[苦涩];0.4464533570496594
妈耶也太厉害了吧;这个太厉害了;-0.5810152417023446
妈耶也太厉害了吧;有点东西啊;-0.12234810581341904
妈耶也太厉害了吧;真的很厉害。;0.19162526282660153
妈耶也太厉害了吧;我也觉得啦;0.052465563615616606
-----;------;------;0.3550940080194604;0.4464533570496594;-0.6147414617577422;1.0611948188074016;0.4694025905962992;7;7.918839586822101e-07;0.32979879782309557;0.5650531598921265
这么牛的吗，高科技啊;这太猛了啊;0.4999999999999998
这么牛的吗，高科技啊;确实好牛啊;0.6588819591214072
这么牛的吗，高科技啊;好牛啊[打call];0.4404918452721518
这么牛的吗，高科技啊;真是太厉害了;-0.5810152417023446
这么牛的吗，高科技啊;太牛了(｡･ω･｡)ﾉ♡;-0.17095597270648621
这么牛的吗，高科技啊;这个科技很厉害;0.5002253726759474
这么牛的吗，高科技啊;真的很牛;0.627862806240342
这么牛的吗，高科技啊;真的好牛呀！;0.603626804197348
这么牛的吗，高科技啊;哈哈哈没错;0.5832071736542055
这么牛的吗，高科技啊;真的好牛啊;0.603626804197348
这么牛的吗，高科技啊;真的太牛了;-0.11109549696600429
这么牛的吗，高科技啊;想象不到;-0.17950751290557276
-----;------;------;0.4078728079037317;0.6588819591214072;-0.5810152417023446;1.2398972008237519;0.38005139958812406;60;6.787576788704658e-06;0.31517104051210004;0.5399910294499567
太牛了吧，AI已经到了这种程度吗嘛;真的太厉害了;-0.5753023278659399
太牛了吧，AI已经到了这种程度吗嘛;AI太强了吧赶不上;-0.8503782928899684
太牛了吧，AI已经到了这种程度吗嘛;真的很厉害[打call][打call];0.08876205959062955
太牛了吧，AI已经到了这种程度吗嘛;简直是太牛啦！;-0.7186366148798173
太牛了吧，AI已经到了这种程度吗嘛;确实好厉害啊;0.24207657605204314
太牛了吧，AI已经到了这种程度吗嘛;真的厉害了;-0.2727775250959763
-----;------;------;0.4053868880246316;0.24207657605204314;-0.8503782928899684;1.0924548689420115;0.45377256552899425;11;1.2443890779291873e-06;0.34366403029926595;0.5888088360043889
AI进化程度我属实想不到了[打call];我也没想到;-0.17876557090295186
AI进化程度我属实想不到了[打call];实在是想不到;-0.601934131635673
-----;------;------;0.21158428036636057;;-0.601934131635673;0;1.0;25;2.8281569952936073e-06;0.4846342777779433;0.8303369565263113
有点牛，建议ai上班我拿工资;我也觉得可以[doge];0.0
有点牛，建议ai上班我拿工资;我也这样认为;0.052465563615616606
有点牛，建议ai上班我拿工资;我也建议[doge];-0.3133382495581274
-----;------;------;0.1615019517371254;0.052465563615616606;-0.3133382495581274;0.365803813173744;0.817098093413128;6;6.787576788704658e-07;0.39144015381163716;0.6706649547539261
我是整个人的震惊了;我真的震惊了;-0.08175117768580598
我是整个人的震惊了;一整个震惊;-0.25
我是整个人的震惊了;真的好震撼;0.8184002483574306
我是整个人的震惊了;我也震惊了;-0.25
-----;------;------;0.4436951447508989;0.8184002483574306;-0.25;1.0684002483574306;0.4657998758212847;10;1.131262798117443e-06;0.36379823448143306;0.6233053101278313
现在AI已经这么牛了;确实很牛啊！;0.6804127286953587
现在AI已经这么牛了;可不是的嘛;-0.19999999999999973
现在AI已经这么牛了;这也太牛了吧;-0.11956280392283669
现在AI已经这么牛了;一整个震惊;-0.25
-----;------;------;0.37969883427429557;0.6804127286953587;-0.25;0.9304127286953587;0.5347936356523206;54;6.1088191098341915e-06;0.36579820973446847;0.6267319215766696
我的天，这真的假的呀？完全想不到;想不到;0.19999999999999973
我的天，这真的假的呀？完全想不到;真的想不到;-0.05779647494912887
-----;------;------;0.1288982374745643;0.19999999999999973;-0.05779647494912887;0.2577964749491286;0.8711017625254357;18;2.036273036611397e-06;0.40000040725460734;0.6853314674560806
b站内容下降是真的，很多百大的数据上不去，其实我还挺喜欢各位up天马行空的各个领域内容，而且b站也是长视频平台，个人还是不喜欢短视频太碎片化的信息。;我也是，b'站有些内容非常好。;0.20279516681841936
-----;------;------;0.0;0.20279516681841936;;0;1.0;108;1.2217638219668383e-05;0.40000244352764397;0.6853349562574994
刻意迎合平台推荐算法的结果;回复@大花花花和尚:所以那些批量制造营销号的公司就在挤压认真做视频的个人/团队的生存空间，最后我们看到的优质内容就少了;-0.0010697872807725606
刻意迎合平台推荐算法的结果;大家都要吃饭，除非家财万贯，也不能一直为爱发电啊;0.8472675208696931
-----;------;------;0.42416865407523285;0.8472675208696931;-0.0010697872807725606;0.8483373081504657;0.5758313459247671;159;1.7987078490067343e-05;0.400003597415698;0.6853369332449699
像书单号是真的会被挤兑，ai生成文案，剪辑软件自动文字转视频，可以不停的生产[允悲];我现在还在犹豫要不要书单解说号;-0.629005263996854
-----;------;------;0.0;;-0.629005263996854;0;1.0;48;5.430061430963726e-06;0.40000108601228623;0.6853326303898869
快到魔幻手机时代了[哈哈];[拳头][拳头][拳头][拳头][拳头];-0.39702331808665003
-----;------;------;0.0;;-0.39702331808665003;0;1.0;301;3.405101022333503e-05;0.4000068102020447;0.6853424377983196
为什么我国不山寨一个语音版呢?套个壳再用读字软件来读讯飞这块不是强项吗？;先不谈算法，主要是芯片不够，搞不起来;-0.2937345774720854
-----;------;------;0.0;;-0.2937345774720854;0;1.0;893;0.00010102176787188765;0.4000202043535744;0.6853653863587628
可以无限[doge];[喵喵];-0.05246556361561838
-----;------;------;0.0;;-0.05246556361561838;0;1.0;8;9.050102384939543e-07;0.4000001810020477;0.6853310798114786
LM哈哈哈是姐姐嘛[送花花];哈哈哈哈哈哈哈哈;0.9502698546008197
-----;------;------;0.0;0.9502698546008197;;0;1.0;35;3.9594197934110505e-06;0.4000007918839587;0.6853321264519042
刘师生日快乐[舔屏]刘师全世界最美;全世界最爱刘师[舔屏][舔屏][舔屏];0.5069930716734232
-----;------;------;0.0;0.5069930716734232;;0;1.0;35;3.9594197934110505e-06;0.4000007918839587;0.6853321264519042
看来能等到很多vlog了！;哈哈;0.052465563615616606
-----;------;------;0.0;0.052465563615616606;;0;1.0;116;1.3122648458162339e-05;0.40000262452969165;0.6853352663731811
我愿称为全自动化懒人工具[开学季]能不能教教我（bu'shi;我试用一下看看能不能调接口做个万能集合;-0.6714252943995662
-----;------;------;0.0;;-0.6714252943995662;0;1.0;116;1.3122648458162339e-05;0.40000262452969165;0.6853352663731811
中文领域因为投喂还远远不够，所以客观上延缓了一点点时间，英文领域早已飞起来了，但未来英文的地位会更加强化;回复@二逼瓦西里:是的，但客观上给国内的很多人带来了转型缓冲的时间，但长远上还是落后了几年，追赶起来会很吃力;0.8856134977122732
中文领域因为投喂还远远不够，所以客观上延缓了一点点时间，英文领域早已飞起来了，但未来英文的地位会更加强化;是。中文信息垃圾化在这次革命中绝对是拖后腿的大杀器;-0.7411872900571925
-----;------;------;0.8134003938847328;0.8856134977122732;-0.7411872900571925;1.6268007877694657;0.18659960611526716;684301;0.07741242640145643;0.4154824852802913;0.7118573285806615
qq音乐上线的这个功能还是挺好用的我现在就更新一下;[笑cry]音乐软件最主要还是用来听歌吧;0.838733843809158
-----;------;------;0.0;0.838733843809158;;0;1.0;198;2.239900340272537e-05;0.40000447980068055;0.685338445058918
我感觉绘画功能是不是也有一些多余呢？[允悲];最好还是更新一些与音乐相关的功能;0.6641510228522194
-----;------;------;0.0;0.6641510228522194;;0;1.0;140;1.5837679173644202e-05;0.40000316753583476;0.685336196720226
这个AI绘画功能还是挺有用的呀;但现在AI绘画很卷了;0.2914472528333141
-----;------;------;0.0;0.2914472528333141;;0;1.0;13;1.4706416375526758e-06;0.40000029412832755;0.6853312736337797
貌似真的有AI作曲;不仅有ai作曲，还可以ai写词，还可以ai修音，都音乐软件不给大家搞个一站式[右哼哼];-0.9485480021689816
-----;------;------;0.0;;-0.9485480021689816;0;1.0;399;4.513738564488597e-05;0.400009027477129;0.6853462367154199
后续：我提醒对面的机器人wakana音色有清凉感。;AI：是的，很多人都认为Wakana的音色具有清凉感，这也是她的一大特点之一。虽然她的音色柔美、清澈，但却带有一些冷静、淡漠的味道，这使得她的演唱充满了一种独特的氛围和情感。这种清凉感和淡漠感在她的音乐中得到了很好的表现，成为了她音乐风格的一部分。所以，不同的听众可能会有不同的感受和理解;0.9999999999992162
-----;------;------;0.0;0.9999999999992162;;0;1.0;37;4.185672353034539e-06;0.40000083713447065;0.6853322039808246
中午好猫姐[爱你];[爱你];0.49661016949152526
-----;------;------;0.0;0.49661016949152526;;0;1.0;191;2.160711944404316e-05;0.4000043214238888;0.6853381737076966
忘记在哪里看到的了，AI生成音乐似乎不允许使用没有版权的音乐，感觉量会少很多很多;看来还是音乐版权保护的比图像好;-0.8689560528909199
-----;------;------;0.0;;-0.8689560528909199;0;1.0;69;7.805713307010356e-06;0.40000156114266144;0.6853334444435513
真会说;[可怜][可怜];-0.4471071599228378
-----;------;------;0.0;;-0.4471071599228378;0;1.0;9364;0.0010593144841571736;0.40021186289683147;0.6856937601011857
天呐说得好好[泪];[抱抱][抱抱];0.7588867132669441
-----;------;------;0.0;0.7588867132669441;;0;1.0;39;4.4119249126580275e-06;0.40000088238498255;0.685332281509745
人工智能已经成为我们生活不可或缺的一部分;慢慢渗透;0.8590840088273386
人工智能已经成为我们生活不可或缺的一部分;已经开始替代我们了[泪];0.9833110203138409
人工智能已经成为我们生活不可或缺的一部分;祝发展越来越好吧;0.9708170034189798
人工智能已经成为我们生活不可或缺的一部分;不可或缺慢慢演变成替代了;0.9949884606786568
-----;------;------;0.05435034206078528;0.9949884606786568;;0;1.0;33;3.7331672337875616e-06;0.4217408834577609;0.7225800106807316
newbing之前用的已经是GPT-4了[嘻嘻];这么快;0.432967032967033
-----;------;------;0.0;0.432967032967033;;0;1.0;1332;0.0001506842047092434;0.40003013684094185;0.6853824039567941
最后打败人类的也许真的会是某个时期的AI，想想还是有些恐怖的;很有可能。电影终结者的未来地球世界。不寒而栗。;0.9997918418946199
最后打败人类的也许真的会是某个时期的AI，想想还是有些恐怖的;也不是没有可能;-0.26121781773600317
-----;------;------;0.6305048298153115;0.9997918418946199;-0.26121781773600317;1.261009659630623;0.36949517018468847;152;1.719519453138513e-05;0.4000034390389063;0.6853366618937485
Ai科技大潮已经来了，真的是想象不到的速度在发展……;快速发展之下的同时也给人类带来危机感;0.9763204130591865
-----;------;------;0.0;0.9763204130591865;;0;1.0;3;3.393788394352329e-07;0.4000000678757679;0.6853308859891776
人工智能的强大突破了我的想象力;真的太厉害了;-0.5753023278659399
人工智能的强大突破了我的想象力;将来发展会更好;0.966156401959386
人工智能的强大突破了我的想象力;这一点很难不赞同;-0.16158810890846853
人工智能的强大突破了我的想象力;现在的技术太厉害了;-0.6665189333892403
-----;------;------;0.6494212091260884;0.966156401959386;-0.6665189333892403;1.6326753353486263;0.18366233232568685;40;4.525051192469772e-06;0.33323432159094857;0.5709393352624537
我趣有人工智能现在都这么先进了啊;一直都在进步;0.10242200328407236
我趣有人工智能现在都这么先进了啊;确实很先进;0.7898734965275034
-----;------;------;0.3437257466217155;0.7898734965275034;;0;1.0;261;2.952595903086526e-05;0.5374962038404925;0.9209067177164341
科技的力量[思考];科技创新推动社会发展;0.9966496151245159
-----;------;------;0.0;0.9966496151245159;;0;1.0;52;5.882566550210703e-06;0.4000011765133101;0.6853327854477278
很想要知道人工智能对于未来的生活有着怎样的影响;双刃剑吧;0.38475722407712065
很想要知道人工智能对于未来的生活有着怎样的影响;肯定有好有坏;-0.44338529404417915
-----;------;------;0.4140712590606499;0.38475722407712065;-0.44338529404417915;0.8281425181212998;0.5859287409393501;29;3.2806621145405847e-06;0.4000006561324229;0.6853318938651429
果然你不关注人家也是在飞速发展;[笑cry]一直在发展;0.8232584464826764
-----;------;------;0.0;0.8232584464826764;;0;1.0;114;1.289639589853885e-05;0.4000025792791797;0.6853351888442606
未来是AI的绝对领域;说到了心坎里。;-0.28312970700452267
-----;------;------;0.0;;-0.28312970700452267;0;1.0;19;2.1493993164231414e-06;0.4000004298798633;0.6853315062205408
[心]打灰机[色];刚刚弄莱;0.1324845978511151
-----;------;------;0.0;0.1324845978511151;;0;1.0;46;5.203808871340238e-06;0.4000010407617743;0.6853325528609665
越是了解，内心越是震撼到了。;也很害怕[允悲];0.9548596766685149
-----;------;------;0.0;0.9548596766685149;;0;1.0;1027;0.00011618068936666139;0.40002323613787333;0.6853705807964305
从法律思维出发思考AI绘画这个问题很有意思。不过这不是绘画艺术第一次面临危机了，当年摄影术也给画家群体造成了重创，但他们挺过来并发展出百花齐放的现代流派。我想，新的技术潮流是无法阻挡的，艺术家们也必然要寻找新出路。法律可能会是疏导潮流走向的好工具，而艺术家们也一定会绝处逢生。;摄影只是代替了一部分纪实的功能，它拍摄的是大自然，不存在对他人作品侵犯的问题;0.9994152636824738
从法律思维出发思考AI绘画这个问题很有意思。不过这不是绘画艺术第一次面临危机了，当年摄影术也给画家群体造成了重创，但他们挺过来并发展出百花齐放的现代流派。我想，新的技术潮流是无法阻挡的，艺术家们也必然要寻找新出路。法律可能会是疏导潮流走向的好工具，而艺术家们也一定会绝处逢生。;回复@樊百乐:是不知名摄影师[嘻嘻];0.8617372119611122
从法律思维出发思考AI绘画这个问题很有意思。不过这不是绘画艺术第一次面临危机了，当年摄影术也给画家群体造成了重创，但他们挺过来并发展出百花齐放的现代流派。我想，新的技术潮流是无法阻挡的，艺术家们也必然要寻找新出路。法律可能会是疏导潮流走向的好工具，而艺术家们也一定会绝处逢生。;是的，那天知名摄影师@五哥就是这个观点，很励志～;0.9429402721841698
-----;------;------;0.05650821727866267;0.9994152636824738;;0;1.0;573;6.482135833212948e-05;0.4226162511831315;0.7240798017732194
樊老师写的非常好👍，同时很支持于老师的观点，在新的生产力时代，想要更蓬勃发展最后很关键的问题可能就是授权和定价，只是在技术上有个疑问，比如给Ai投喂了一百幅作品，最后产出的一副作品里可能是借鉴了10副，那么怎么认定借鉴了那10幅作品？;回复@樊百乐:以前看的一个视频讲web3实现价值共享;0.8666914295422838
樊老师写的非常好👍，同时很支持于老师的观点，在新的生产力时代，想要更蓬勃发展最后很关键的问题可能就是授权和定价，只是在技术上有个疑问，比如给Ai投喂了一百幅作品，最后产出的一副作品里可能是借鉴了10副，那么怎么认定借鉴了那10幅作品？;回复@樊百乐:谢谢樊老师;0.6861281704732582
樊老师写的非常好👍，同时很支持于老师的观点，在新的生产力时代，想要更蓬勃发展最后很关键的问题可能就是授权和定价，只是在技术上有个疑问，比如给Ai投喂了一百幅作品，最后产出的一副作品里可能是借鉴了10副，那么怎么认定借鉴了那10幅作品？;我不懂技术细节，不过我觉得通过区块链技术应该可以实现溯源和固定，当然这需要一定的可信任平台作为基础设施;-0.7053506709721269
-----;------;------;0.7023874225735459;0.8666914295422838;-0.7053506709721269;1.5720421005144107;0.21397894974279463;439;4.9662436837355744e-05;0.3665564814139037;0.6280310888609342
有个问题，假设可以区分出每张图片的贡献，且按照贡献给创作者分成，那会不会还是被收集数据集的人掌控主要话语权。比如毕加索风格，我不需要把全世界所有的同风格图片都拿来训练，只要选取一部分，那选哪一部分就是我的自由了，这样的话给你多少分成还是我说了算？;是的，你选的部分少，有可能没被选的作品，对你最后成品就没有什么贡献，也应该不用被分配。但如果你希望作品的“养料”更充分，可以选多一些作品，到时候质量更高，当然分配出去的成本也相应高一些。;0.9578780645027676
-----;------;------;0.0;0.9578780645027676;;0;1.0;17;1.923146756799653e-06;0.4000003846293514;0.6853314286916204
如果ai的养料是那个小伙子呢，小伙子授权ai，那不就避过了。。;是的，但也许（因为我也是猜想）可能跟直接摄取毕加索作品产生的效果不一样。这其实和做饭差不多，食材你可以选更高级更绿色的，也可以选便宜一些的，因为手艺、口味都不一样;0.9887348793813278
-----;------;------;0.0;0.9887348793813278;;0;1.0;168;1.9005215008373043e-05;0.4000038010430017;0.6853372821251119
我看今天果果就欺负我没带耳机，两连发还，坏银！;哈哈哈哈哈，笑死我了;0.703278235822437
我看今天果果就欺负我没带耳机，两连发还，坏银！;哈哈哈哈哈哈就欺负我露露了咋滴[doge];0.8827575912999066
-----;------;------;0.08973967773873481;0.8827575912999066;;0;1.0;92994;0.010520065264813349;0.4379998841484566;0.7504369943253291
黑幕我，要不我闹了！哼[doge][doge][doge];回复@哎呀我果:真妹有;-0.186190685504678
黑幕我，要不我闹了！哼[doge][doge][doge];回复@花落有声雪无声:信你个鬼，花卷卷[doge];0.8414098746645948
黑幕我，要不我闹了！哼[doge][doge][doge];回复@哎呀我果:你也太高产了，我吭哧半天也吭哧不出来一个;-0.9391126156554495
黑幕我，要不我闹了！哼[doge][doge][doge];[哈哈];0.052465563615616606
-----;------;------;0.6352033089632059;0.8414098746645948;-0.9391126156554495;1.7805224903200443;0.10973875483997786;2795;0.0003161879520738253;0.29804006311168824;0.510640064631293
真是高产果果又来一部[好爱哦][好爱哦][好爱哦];[抱一抱][害羞];0.6795271149609743
-----;------;------;0.0;0.6795271149609743;;0;1.0;1143;0.00012930333782482372;0.400025860667565;0.6853750774738148
#cv狼毛[超话]#好荣幸唱这剧的ED，歌曲是一首老歌重新改编的曲风，真的不一样了，经典歌曲怎么唱都不会过时，希望大家喜欢，也谢谢果果的信任[doge][doge][doge];真的是经典永不过时，毛毛版的带点娇柔，太太太好听了[害羞]继续循环;0.7576547426240225
-----;------;------;0.0;0.7576547426240225;;0;1.0;174118;0.019697321588261294;0.40393946431765226;0.6920803599783113
听了两遍，这首改编后唱出了不同的味道，这月亮摘的浪漫又洒脱，有种成为了夜晚扛把子的感觉。[打call][打call][打call][打call];不愧是丝丝[哈哈];0.4595907810649391
-----;------;------;0.0;0.4595907810649391;;0;1.0;52;5.882566550210703e-06;0.4000011765133101;0.6853327854477278
画师艾特错了吧[可怜];回复@哎呀我果:哈哈好吧[笑cry];0.42410675870050407
画师艾特错了吧[可怜];回复@七点推推:画师给我的呀[允悲];0.15373270179956755
画师艾特错了吧[可怜];回复@哎呀我果:那个艾特打开这样[笑cry][笑cry]http://t.cn/A6C0Jgwd;0.49733183524769475
画师艾特错了吧[可怜];这是Q版ed的画师;-0.17545804001911613
-----;------;------;0.2642223395659281;0.49733183524769475;-0.17545804001911613;0.6727898752668109;0.6636050623665946;10343;0.0011700651120928713;0.37136497379542766;0.6362696083231997
狼毛这么棒吗;很棒，宝藏男孩;0.9950512103013824
-----;------;------;0.0;0.9950512103013824;;0;1.0;337;3.812355629655783e-05;0.40000762471125934;0.685343833318887
芜湖[偷笑]种月亮？;听出词作的深意了？[偷笑];0.41887561721566824
-----;------;------;0.0;0.41887561721566824;;0;1.0;64;7.240081907951635e-06;0.4000014480163816;0.6853332506212502
表白才华横溢的狼毛老师以及勤奋的果儿。Aiyaiyai～我们一起种月亮～;[心];0.5297450424929182
-----;------;------;0.0;0.5297450424929182;;0;1.0;72;8.145092146445589e-06;0.40000162901842934;0.685333560736932
果子又拿这种土到直白的剧名诓我入坑坏银[送花花];都是懂我的[doge];0.04382985165197972
-----;------;------;0.0;0.04382985165197972;;0;1.0;239;2.7037180875006886e-05;0.400005407436175;0.6853400344017866
好好听[鲜花][鲜花][鲜花];回复@哎呀我果:没有没有！循环听了好久[打call][打call][打call][抱一抱][抱一抱][抱一抱];0.849875319966124
好好听[鲜花][鲜花][鲜花];没骗你吧;0.0
-----;------;------;0.424937659983062;0.849875319966124;0.0;0;1.0;915;0.00010351054602774602;0.5699957661024304;0.9765890927658101
感觉ai出现更大一部分会让人产生“怠惰”，甚至剥夺了一部分的独立创作能力，本来是辅助的东西却成为了一直创作“主力”，不得不说这是一种悲哀。;回复@亡鸟-:可能是周围看到的ai太廉价了基本上一眼就能看出来是缝合的关系，个人认为老师没必要焦虑，毕竟画画还是写文都是为了愉悦自己，ai是学不来人类的变态(嗯？)和想法;0.9973925473987104
感觉ai出现更大一部分会让人产生“怠惰”，甚至剥夺了一部分的独立创作能力，本来是辅助的东西却成为了一直创作“主力”，不得不说这是一种悲哀。;回复@叔癌晚期:这个我不好评价啦，我经常都分辨不出来是不是ai画的，而且我看有些人跑出来的ai图看起来也挺好看挺有感情的。所以说真的还是蛮焦虑的。;0.9817763192976994
感觉ai出现更大一部分会让人产生“怠惰”，甚至剥夺了一部分的独立创作能力，本来是辅助的东西却成为了一直创作“主力”，不得不说这是一种悲哀。;回复@亡鸟-:关键它不仅嘴替还找了一大堆别人的想法来给你嘴替，有时候看ai作品有种不伦不类的拼接劣质感，虚伪且空洞;-0.985909444592757
感觉ai出现更大一部分会让人产生“怠惰”，甚至剥夺了一部分的独立创作能力，本来是辅助的东西却成为了一直创作“主力”，不得不说这是一种悲哀。;因为辅助工具原本是为了代替大量的低成本重复性的工作来解放生产力，它的本质还是为了腾出大量的时间留给人类思考，但ai已经不是在辅助啦，它直接帮你表达啦，好比花钱买了个嘴替呀。至于这个嘴替是不是真的表达了你想表达的内容，这不重要啊，因为嘴替说得天花乱坠唬得人一愣一愣的呀[允悲];0.91918738608995
-----;------;------;0.8457594693353757;0.9973925473987104;-0.985909444592757;1.9833019919914674;0.008349004004266303;60;6.787576788704658e-06;0.3416447468512146;0.5853491433051714
你觉得AI能取代你的工作么？[doge];感觉还不至于;0.38334842311566963
你觉得AI能取代你的工作么？[doge];暂时还不能;-0.2932807709550491
你觉得AI能取代你的工作么？[doge];我觉得不能吧;-0.26121781773600317
你觉得AI能取代你的工作么？[doge];现在都还没有工作[允悲];0.9658723616654115
你觉得AI能取代你的工作么？[doge];目前应该不会;-0.20859450581057026
你觉得AI能取代你的工作么？[doge];现在应该还不会。;-0.11326529197979607
你觉得AI能取代你的工作么？[doge];那需要未来的某一天，但不是现在。;0.4494235170136063
你觉得AI能取代你的工作么？[doge];暂时不会的;-0.33138790123682527
你觉得AI能取代你的工作么？[doge];暂时不会取代;-0.16049869916817006
你觉得AI能取代你的工作么？[doge];我觉得不能，ai不能是没有感情的;0.046388301029616885
你觉得AI能取代你的工作么？[doge];目前是不可能的;-0.26121781773600317
你觉得AI能取代你的工作么？[doge];我觉得不会;-0.20859450581057026
你觉得AI能取代你的工作么？[doge];应该不能吧;-0.26121781773600317
你觉得AI能取代你的工作么？[doge];现在估计还是不会的。;-0.40415777967720845
你觉得AI能取代你的工作么？[doge];不太可能;-0.5669151700368662
你觉得AI能取代你的工作么？[doge];现在不会被取代;-0.02920512388205765
你觉得AI能取代你的工作么？[doge];相信还不能;-0.16786302828788768
你觉得AI能取代你的工作么？[doge];我觉得现在不可能代替我。;-0.26121781773600317
你觉得AI能取代你的工作么？[doge];我觉得现不可能;-0.4301491892958993
你觉得AI能取代你的工作么？[doge];非常有可能;0.052465563615616606
-----;------;------;0.3440555880801987;0.9658723616654115;-0.5669151700368662;1.5327875317022777;0.23360623414886117;8839679;1.0;0.43106472889162395;0.7385548061000167
我觉得AI就是一把双刃剑。;看人类怎么利用了;0.9509519494614116
我觉得AI就是一把双刃剑。;确实是的;0.30769230769230815
我觉得AI就是一把双刃剑。;这个是必然的;0.052465563615616606
我觉得AI就是一把双刃剑。;我也是这么想的;0.08835798255593508
我觉得AI就是一把双刃剑。;就看自己怎么利用;-0.11871699335115538
我觉得AI就是一把双刃剑。;有利就有害处;0.0
我觉得AI就是一把双刃剑。;说的很好吧[允悲];0.9701921678944541
我觉得AI就是一把双刃剑。;有好有坏吧;0.014528032189389029
我觉得AI就是一把双刃剑。;这个是肯定的;-0.026865671641791433
我觉得AI就是一把双刃剑。;说的很对的呀;0.08599066863823168
我觉得AI就是一把双刃剑。;看怎么利用啊;0.5419345490853675
我觉得AI就是一把双刃剑。;要以平常心去看待才行;0.8748155145687122
我觉得AI就是一把双刃剑。;那肯定也是啊[允悲];0.9369584418941583
我觉得AI就是一把双刃剑。;任何事情都具有两面性;0.5898219654334211
我觉得AI就是一把双刃剑。;有好的一方面也有不好的一方面;-0.2844743906458733
我觉得AI就是一把双刃剑。;那是肯定的呀;-0.026865671641791433
我觉得AI就是一把双刃剑。;肯定是存在利弊的双刃剑;0.26709392758611017
我觉得AI就是一把双刃剑。;还是正确看待;0.8636409524431705
我觉得AI就是一把双刃剑。;真的很有风险;0.5428057117110787
我觉得AI就是一把双刃剑。;这个还真不好说，以后会发展到那个地步。;0.2698402955351884
我觉得AI就是一把双刃剑。;确实是有利有弊;0.259414537904771
我觉得AI就是一把双刃剑。;就是一把双刃剑，看一个人的表现。;0.8099713170602796
我觉得AI就是一把双刃剑。;越发展越不可思议;0.8586374152919276
我觉得AI就是一把双刃剑。;看以后的发展吧;0.749833543326279
-----;------;------;0.3939514956711925;0.9701921678944541;-0.2844743906458733;1.2546665585403274;0.3726667207298363;36;4.072546073222794e-06;0.30664810106962614;0.5253884478295034
那些做文案代码的不都失业了，司令，人工智能居然能取代这么多工作，再也不能潇洒快活了;没有了员工，那当老板还有啥意思;-0.30798960434397693
那些做文案代码的不都失业了，司令，人工智能居然能取代这么多工作，再也不能潇洒快活了;是啊也挺愁的;0.0
那些做文案代码的不都失业了，司令，人工智能居然能取代这么多工作，再也不能潇洒快活了;这个确实是呀;0.30769230769230815
那些做文案代码的不都失业了，司令，人工智能居然能取代这么多工作，再也不能潇洒快活了;[允悲]对啊，有点可怕;0.913440988585706
那些做文案代码的不都失业了，司令，人工智能居然能取代这么多工作，再也不能潇洒快活了;出现的很多吧;0.30860675225867773
那些做文案代码的不都失业了，司令，人工智能居然能取代这么多工作，再也不能潇洒快活了;确实可以的[哈哈];0.30769230769230815
那些做文案代码的不都失业了，司令，人工智能居然能取代这么多工作，再也不能潇洒快活了;是的呀看出来了[允悲];0.9576093728650368
那些做文案代码的不都失业了，司令，人工智能居然能取代这么多工作，再也不能潇洒快活了;直接就解放了[doge];0.09107418761064556
那些做文案代码的不都失业了，司令，人工智能居然能取代这么多工作，再也不能潇洒快活了;以后感觉就没有工作了。;0.18153542115777066
那些做文案代码的不都失业了，司令，人工智能居然能取代这么多工作，再也不能潇洒快活了;那怎么可能呢？;0.052465563615616606
那些做文案代码的不都失业了，司令，人工智能居然能取代这么多工作，再也不能潇洒快活了;这个确实是哈有些会被取代;0.5051495062857827
那些做文案代码的不都失业了，司令，人工智能居然能取代这么多工作，再也不能潇洒快活了;尤其是客服最容易被代替了;-0.6961462571030701
那些做文案代码的不都失业了，司令，人工智能居然能取代这么多工作，再也不能潇洒快活了;换个地方继续，;-0.5332798425221554
那些做文案代码的不都失业了，司令，人工智能居然能取代这么多工作，再也不能潇洒快活了;它不就代码做出来的[doge];0.026971252478323215
-----;------;------;0.45357984286546665;0.9576093728650368;-0.6961462571030701;1.6537556299681069;0.17312218501594656;804;9.095352896864242e-05;0.250699001858359;0.429529349763893
好家伙，真敢想，AI帮你打工，老板为什么不直接用AI[doge];人工智能如果能帮种地就好了;0.39320576895800285
好家伙，真敢想，AI帮你打工，老板为什么不直接用AI[doge];这是不敢想象[委屈];-0.29175936341908426
好家伙，真敢想，AI帮你打工，老板为什么不直接用AI[doge];不知道还有适合我的工作吗;0.009361363915626475
-----;------;------;0.28031479373599516;0.39320576895800285;-0.29175936341908426;0.6849651323770871;0.6575174338114564;4637;0.0005245665594870583;0.37523780433087806;0.6429050331526037
Al以后取代了咱们的工作，咱们以后又能干啥呢;所以我们要掌握一门技术才行[允悲];0.9574279661239369
Al以后取代了咱们的工作，咱们以后又能干啥呢;咱们负责控制AI[doge];-0.11615642835589335
Al以后取代了咱们的工作，咱们以后又能干啥呢;就是呀我们干啥[笑cry];-0.22137179048850641
-----;------;------;0.5326268853197618;0.9574279661239369;-0.22137179048850641;1.1787997566124433;0.41060012169377835;1780;0.00020136477806490484;0.37733107576102903;0.6464914914536227
想象很丰满，现实很孤独。;想的好[允悲];0.9703319344435986
-----;------;------;0.0;0.9703319344435986;;0;1.0;277;3.133597950785317e-05;0.4000062671959016;0.6853415074512745
真的要是AI能够取代我们完全取代的时候，估计也不是现在了，也是后代的事了，但是我觉得我们的后代能够有更优秀的地方。;以后的事情就不想了;-0.2181139694966916
-----;------;------;0.0;;-0.2181139694966916;0;1.0;188;2.126774060460793e-05;0.40000425354812097;0.6853380574143161
现在还不是担心的时候[笑cry];我现在都可担心了，[doge]还没工作，以后更不用想了;0.37848224617941595
-----;------;------;0.0;0.37848224617941595;;0;1.0;659;7.455021839593949e-05;0.40001491004367923;0.685356315475074
我也是这样想的ai替我上班，替我赚钱，我来花钱[嘻嘻];这个想法不错;0.9143340979524899
-----;------;------;0.0;0.9143340979524899;;0;1.0;32;3.6200409539758174e-06;0.4000007240081908;0.6853320101585235
AI会的很多啊;现在是我们帮AI打工了。;0.48587515234439094
-----;------;------;0.0;0.48587515234439094;;0;1.0;71;8.031965866633845e-06;0.40000160639317334;0.6853335219724717
快进到人类被ai替代[doge][doge];快了快了，阿批已经有全AiVup了;0.15051873538910532
-----;------;------;0.0;0.15051873538910532;;0;1.0;290;3.2806621145405846e-05;0.4000065613242291;0.6853420113892573
感觉因为画面更一眼定江山，所以目前这波冲击更大。而文字创作虽然是能说话就能写，但是里面需要更精巧的设计才能引人入胜…替代性目前来说有限（虽然要生成长篇可能也是时间问题而已;回复@铁血科学家:怎么说呢……感觉这个已经是不可逆的状态了，那么多个平台都在搞ai，避不开这一次冲击。只能希望相关规定能尽快上路吧…与此同时要找到自己创作的核心动力才可以，感觉真的会淘汰掉一些【美术工人】…但是！我突然想到，就前几天我才去看了深圳大芬村，就是那个仿制油画村，今时今日他们都还坚挺着呢…;0.9780920992253168
感觉因为画面更一眼定江山，所以目前这波冲击更大。而文字创作虽然是能说话就能写，但是里面需要更精巧的设计才能引人入胜…替代性目前来说有限（虽然要生成长篇可能也是时间问题而已;回复@領帶al-All-instinct:我的想法比较悲观[微风]嗐不过谁知道呢，也可能只是我们时代局限杞人忧天了[微风];0.9932794318910554
感觉因为画面更一眼定江山，所以目前这波冲击更大。而文字创作虽然是能说话就能写，但是里面需要更精巧的设计才能引人入胜…替代性目前来说有限（虽然要生成长篇可能也是时间问题而已;回复@铁血科学家:不过目前来说能满足于ai生成梗的人可能对ai生成图也接受良好吧…感觉还是努力不要让自己吃一些短平快的东西，拥有更高的审美以及辨别能力…自己ai作为工具我觉得是ok的，但是这个工具怎么被使用起来需要磨合;0.9953192720983641
感觉因为画面更一眼定江山，所以目前这波冲击更大。而文字创作虽然是能说话就能写，但是里面需要更精巧的设计才能引人入胜…替代性目前来说有限（虽然要生成长篇可能也是时间问题而已;对所以就是文字的欣赏门槛更高，与其说是精巧设计我觉得是时间精力的门槛，因为画面是视觉的，一眼就能看个大概，而文字是需要时间阅读的，这群天天刷短视频现代人有多少有那个时间去一篇篇阅读文章呢[微风]但画面却可以一秒看n张[老师好];0.9999999458398288
-----;------;------;0.008210584877399483;0.9999999458398288;;0;1.0;2518;0.0002848519725659721;0.403341204345473;0.6910553450602818
又想起那句“ai无法取代禾野”[二哈];禾野的xp对ai来说还是太早了[doge];0.9606311537925016
又想起那句“ai无法取代禾野”[二哈];回复@星空今天还继续写文吗:[二哈]确实是事实哈哈哈哈哈哈;0.9945554956626381
又想起那句“ai无法取代禾野”[二哈];[笑而不语]不说别的，这还真是事实;0.1084210098484657
-----;------;------;0.409965759730355;0.9945554956626381;;0;1.0;599;6.776264160723484e-05;0.5639998564204635;0.9663161392723879
哦哦哦大佬我可以求曲吗[单身狗][单身狗][单身狗][单身狗]我来进行编曲and作词[doge];回复@星空今天还继续写文吗:[单身狗][单身狗][单身狗]懂了[单身狗][单身狗][单身狗];-0.9806431760100891
哦哦哦大佬我可以求曲吗[单身狗][单身狗][单身狗][单身狗]我来进行编曲and作词[doge];[允悲]我理论派的，不是创作型;0.9936918437849624
-----;------;------;0.9871675098975258;0.9936918437849624;-0.9806431760100891;1.9743350197950515;0.012832490102474226;13909;0.0015734734259015514;0.40031469468518033;0.6858699445728313
这就是大佬的境界吗[哆啦A梦吃惊][哆啦A梦吃惊];[允悲]听多了就懂的;0.9575142309292293
-----;------;------;0.0;0.9575142309292293;;0;1.0;45;5.090682591528493e-06;0.40000101813651834;0.6853325140965063
好猛啊劳斯[哆啦A梦害怕]（战术后仰）怼到全校都知道[老师好][老师好];[允悲]就一个山卡拉小高中，地方小，一骂人整栋楼都能听得到;0.6657413782985859
-----;------;------;0.0;0.6657413782985859;;0;1.0;101;1.1425754260986175e-05;0.40000228515085223;0.6853346849062779
说得好！人工智能永远不会拥有人的意志（？跑题政治）;没跑！[偷乐];-0.37021922241619487
-----;------;------;0.0;;-0.37021922241619487;0;1.0;82;9.276354944563032e-06;0.4000018552709889;0.6853339483815339
大佬永远是大佬！[赢牛奶][赢牛奶][赢牛奶];[春游家族]诶嘿;-0.20586286318630886
-----;------;------;0.0;;-0.20586286318630886;0;1.0;2;2.262525596234886e-07;0.40000004525051197;0.6853308472247174
ai永远得不到我的脑洞和xp🙅;[春游家族]诶嘿，也满足不了;-0.48444489750387065
-----;------;------;0.0;;-0.48444489750387065;0;1.0;612;6.923328324478751e-05;0.40001384665664896;0.6853544935454442
星老师居然真的是老师[开学季]（跑题）;[春游家族];0.18797785642837517
-----;------;------;0.0;0.18797785642837517;;0;1.0;57;6.448197949269425e-06;0.40000128963958986;0.6853329792700288
好羡慕高中能有正经音乐课[悲伤];回复@星空今天还继续写文吗:啊啊啊啊原来我想走却走不成的路[泪];0.99691373638981
好羡慕高中能有正经音乐课[悲伤];[允悲]艺考;0.9929368978065329
-----;------;------;0.00198841929163851;0.99691373638981;;0;1.0;137;1.549830033420897e-05;0.40079846737672226;0.686698805350462
老师真的是老师[泪]好强哦;[允悲]不不不;0.6816232560748514
-----;------;------;0.0;0.6816232560748514;;0;1.0;78;8.823849825316055e-06;0.4000017647699651;0.6853337933236932
[doge]还不如微博好使;微博又是另一种了;0.6630287856597596
-----;------;------;0.0;0.6630287856597596;;0;1.0;18;2.036273036611397e-06;0.40000040725460734;0.6853314674560806
打雷老师看的是b站那个关于华语流行音乐的深度研究的视频吗;好像不是，就是微博上刷到搬运的，一刷就走了没注意来源哪里;-0.2556142658576457
-----;------;------;0.0;;-0.2556142658576457;0;1.0;794;8.982226617052497e-05;0.4000179644532341;0.6853615486772021
是的。我不画画的朋友完全分辨不出来AI;其实拉大点看就很明显，比如复杂点的人物头发，肢体，衣饰结构都不合逻辑，莫名其妙的发丝走向和弯曲跟其他部位的融合链接，关节的逆人体结构，过于繁杂的褶皱等等，很多看起来很厉害的图都是视觉被华丽的色彩和光影转移;0.9977269437939602
是的。我不画画的朋友完全分辨不出来AI;我画画的，但是，有些图我也分辨不出来[允悲]（卑微;0.976686777041174
-----;------;------;0.010520083376393097;0.9977269437939602;;0;1.0;9748;0.0011027549756048834;0.40442858434567824;0.6929183824915129
越来越难了[失望];嗯哪[苦涩];0.75
-----;------;------;0.0;0.75;;0;1.0;11394;0.0012889608321750145;0.40025779216643503;0.685772451955408
居然要和ai抢饭吃[二哈];[苦涩][苦涩][苦涩];0.991163822290599
-----;------;------;0.0;0.991163822290599;;0;1.0;2268;0.0002565704026130361;0.40005131408052264;0.6854186874915489
[打call][打call][打call];[鲜花];0.33333333333333415
-----;------;------;0.0;0.33333333333333415;;0;1.0;11295;0.0012777613304736518;0.40025555226609477;0.6857686142738475
你妈的，劳资42w字[微笑]http://t.cn/A6CS5KKJ;回复@汐海flowerless:多完美啊，完美受害者[哇]结果他没死成[太开心];0.960996370960638
你妈的，劳资42w字[微笑]http://t.cn/A6CS5KKJ;回复@沧浪之水花开荼蘼:它要是死在227，很可能是大陆最完美的同人平台了;0.9640349204488612
你妈的，劳资42w字[微笑]http://t.cn/A6CS5KKJ;回复@汐海flowerless:他真的就好像那种做大了飘了忘了自己怎么发家的，还在那儿说什么道歉，结果明眼人一看就知道那是缓兵之计。嗯，磕碜人呢。;-0.7074900360814471
你妈的，劳资42w字[微笑]http://t.cn/A6CS5KKJ;回复@沧浪之水花开荼蘼:良心喂了狗的感觉[太开心];0.2992746214660622
你妈的，劳资42w字[微笑]http://t.cn/A6CS5KKJ;我38W[太开心]，LOF成功逼疯我了。已经跑路了;0.11721092707448078
-----;------;------;0.6201152288608943;0.9640349204488612;-0.7074900360814471;1.6715249565303083;0.16423752173484585;295;3.337225254446457e-05;0.313747774688805;0.5375525097945555
能不能给我这个没有钞票自由的人来个ai钞票打印机;加我一个吧，我也想要[微笑];0.45119035340257097
-----;------;------;0.0;0.45119035340257097;;0;1.0;30;3.393788394352329e-06;0.4000006787576789;0.6853319326296032
预言成功辣哈哈哈哈[悲伤];卧槽真的嘛，求一个链接我去看看;-0.566878287738871
-----;------;------;0.0;;-0.566878287738871;0;1.0;0;0.0;0.4;0.6853307696957969
欢迎来到赛博朋克！！小伙子。;[笑而不语];0.012725194955172103
-----;------;------;0.0;0.012725194955172103;;0;1.0;0;0.0;0.4;0.6853307696957969
AI人工智能真的是走我们的路，让我们无路可走[允悲][允悲];[允悲];0.9459634540755057
-----;------;------;0.0;0.9459634540755057;;0;1.0;12;1.3575153577409315e-06;0.40000027150307155;0.6853312348693194
感觉真的是在抢我的工作[doge];[doge]感觉去了;0.01821958669810586
-----;------;------;0.0;0.01821958669810586;;0;1.0;38;4.298798632846283e-06;0.4000008597597266;0.6853322427452848
全球目前只有老美那边2月出了个最新判例认为ai作品不享有著作权，不过其实也是要分具体情况而论，国内这边司法实务要明确下来估计少说还得等一段或者几年时间;回复@夯她D1矿工专属酷拉皮卡:救，这可真是完全给自己免责的规律条款[允悲][允悲][允悲];0.999997079149866
全球目前只有老美那边2月出了个最新判例认为ai作品不享有著作权，不过其实也是要分具体情况而论，国内这边司法实务要明确下来估计少说还得等一段或者几年时间;我看过老美那个，包括一些ai平台自己说的【可商用】[允悲]但是呢，它还说如果原作者要是找来了要告你，平台免责用户全责，好家伙直接好家伙了;0.9713727194082034
-----;------;------;0.014312179870831332;0.999997079149866;;0;1.0;845;9.559170644092393e-05;0.40574399028962077;0.6951721029115744
不是融图拼接，本地没有图库的，也不需要联网，你下一个就知道了;回复@夯她D1矿工专属酷拉皮卡:对不起，不是故意打扰你的，只是突然没憋住;-0.9876720366210281
不是融图拼接，本地没有图库的，也不需要联网，你下一个就知道了;回复@入魂202109:我没有这么说，不知道你为啥要来这边跟我讲[允悲]况且你觉得怎么维权比较好可以自己写个微博发表意见，说尸块我也不认同毕竟这是人家活人太太鲜活作品;0.21957060774730564
不是融图拼接，本地没有图库的，也不需要联网，你下一个就知道了;回复@夯她D1矿工专属酷拉皮卡:怎么没有人蠢到去说技术本身是恶魔嘛，那不到处都是吗，说ai是尸块的跟说蒸汽机是恶魔的有啥区别;0.2875391441437811
不是融图拼接，本地没有图库的，也不需要联网，你下一个就知道了;回复@夯她D1矿工专属酷拉皮卡:我的意思就是“”ai的原理是尸块拼接“”这种话对维权一点帮助都没有，就是一种迷信口号;0.9087937229677465
不是融图拼接，本地没有图库的，也不需要联网，你下一个就知道了;回复@入魂202109:哦，吃了海量的图然后换个画风在大部分人眼里就叫洗稿/拼图，我也这么叫了，大家骂的就是用这个东西侵权，没有人蠢到去说技术本身是恶魔，你是不是擅自理解了什么。。。;-0.2909414501028367
不是融图拼接，本地没有图库的，也不需要联网，你下一个就知道了;回复@夯她D1矿工专属酷拉皮卡:因为反驳ai的原理是拼接是一件非常简单的事情，第一是ai有个功能是风格转移，可以把一张画的风格转移到另一张画上，这种功能是拼接能做到的嘛？第二是众所周知ai训练吃了海量的图，而下到本地的ai本体又小得离谱，大部分只有几个g到几十个g，从这一点来说用原图来拼接这种事情就是不存在的;0.9999274905738855
不是融图拼接，本地没有图库的，也不需要联网，你下一个就知道了;回复@夯她D1矿工专属酷拉皮卡:那直接说版权有问题不就行了，我只是不赞同编造ai的原理然后到处造谣这种行为，跟说蒸汽机是恶魔的机器没区别，本质上是一种迷信;0.867049656413428
不是融图拼接，本地没有图库的，也不需要联网，你下一个就知道了;回复@入魂202109:啊你说原图丢失99%，总归也是需要原图的，现在问题的症结所在就是大部分图都会没有版权的所以大家很反感，如果原作者本人授权并且获利了，那不管ai出图是99%类似原图还是1%都不会有人抵制吧;-0.9032494527363224
不是融图拼接，本地没有图库的，也不需要联网，你下一个就知道了;回复@夯她D1矿工专属酷拉皮卡:你可能是把图生图和文生图弄混了，你看到的那些构图很像或者线条能叠上的基本都是图生图，ai的训练过程中原图的信息丢失了99%，还原原图是不可能的，你看到的很像的基本都是用户自己喂图叠出来的;0.9976825500102482
不是融图拼接，本地没有图库的，也不需要联网，你下一个就知道了;[笑cry]我用过啊discodiffusion,midjourney,novelai都要联网来着，这两个拼不拼图我不确定，novelai就是完全拼图了二次元好像重灾区;-0.9873401232310215
-----;------;------;0.80194311199056;0.9999274905738855;-0.9876720366210281;1.9875995271949136;0.006200236402543191;0;0.0;0.3232573393572413;0.553845502978784
当代网民真的……智商水平太参差不齐了……;回复@你想我怎么起名字你说:[允悲]我委婉一点不想说很差（）但是大部分时间确实是在是……一言难尽;0.7863178231592454
当代网民真的……智商水平太参差不齐了……;我觉得挺齐的嗷。基本都相当差。;-0.4343068215201118
-----;------;------;0.6103123223396786;0.7863178231592454;-0.4343068215201118;1.2206246446793572;0.3896876776603214;2523;0.00028541760396503087;0.40005708352079306;0.685428572428902
又有新书可以听了[哇];回复@作者欣玥:冲冲冲[赢牛奶];0.4949581171960473
又有新书可以听了[哇];这次是搞笑style[开学季];0.14055866496933156
-----;------;------;0.17719972611335788;0.4949581171960473;;0;1.0;10762;0.0012174650233339921;0.47112338345001;0.8071883775037084
[笑哈哈]Hi皮特;皮特超赞的！！一人分饰两角，亚特兰蒂斯期待一下[团圆兔];0.9916044674759237
-----;------;------;0.0;0.9916044674759237;;0;1.0;48;5.430061430963726e-06;0.40000108601228623;0.6853326303898869
刚好下班回到家可以放松一下，对里面的故事还蛮好奇的。;还挺喜欢的;0.7552676354026377
刚好下班回到家可以放松一下，对里面的故事还蛮好奇的。;说的没错呀;-0.46133876042797306
刚好下班回到家可以放松一下，对里面的故事还蛮好奇的。;真的太好奇了;0.29861159405378856
刚好下班回到家可以放松一下，对里面的故事还蛮好奇的。;的确是这样;0.14563106796116543
刚好下班回到家可以放松一下，对里面的故事还蛮好奇的。;真的很好奇;0.8202008568003132
刚好下班回到家可以放松一下，对里面的故事还蛮好奇的。;可以去看看;0.026322386563048417
刚好下班回到家可以放松一下，对里面的故事还蛮好奇的。;真的是这样;0.22222222222222254
刚好下班回到家可以放松一下，对里面的故事还蛮好奇的。;确实是这样[允悲];0.9678667197181672
刚好下班回到家可以放松一下，对里面的故事还蛮好奇的。;很好奇啊;0.7547716551198702
刚好下班回到家可以放松一下，对里面的故事还蛮好奇的。;真的可以的。;0.06101938262742301
刚好下班回到家可以放松一下，对里面的故事还蛮好奇的。;哈哈哈没错;0.5832071736542055
刚好下班回到家可以放松一下，对里面的故事还蛮好奇的。;我也很好奇;0.7547716551198702
刚好下班回到家可以放松一下，对里面的故事还蛮好奇的。;确实是的啊，安排一下;0.29070821998453655
-----;------;------;0.3947247063339749;0.9678667197181672;-0.46133876042797306;1.4292054801461402;0.2853972599269299;338;3.823668257636957e-05;0.2720564338408772;0.466121613012155
哇塞，我的最爱，我觉得女孩子应该拒绝不了，太好看了叭，冲起来了;真的是这样的;0.22222222222222254
哇塞，我的最爱，我觉得女孩子应该拒绝不了，太好看了叭，冲起来了;我超爱的[舔屏];-0.05246556361561838
哇塞，我的最爱，我觉得女孩子应该拒绝不了，太好看了叭，冲起来了;肯定很好看;0.591730601570644
哇塞，我的最爱，我觉得女孩子应该拒绝不了，太好看了叭，冲起来了;赶快行动吧;0.14285714285714324
-----;------;------;0.23357489146440935;0.591730601570644;-0.05246556361561838;0.6441961651862624;0.6779019174068688;318;3.5974156980134686e-05;0.36459791837990735;0.624675430081968
配音组都好棒啊！重点还是免费这不得冲起来，睡前听一听真不错;睡前可以听;0.480661510348799
配音组都好棒啊！重点还是免费这不得冲起来，睡前听一听真不错;真的很棒啊[哇];0.8010829590105097
配音组都好棒啊！重点还是免费这不得冲起来，睡前听一听真不错;真的是这样;0.22222222222222254
配音组都好棒啊！重点还是免费这不得冲起来，睡前听一听真不错;太不错了;0.4908286880010566
配音组都好棒啊！重点还是免费这不得冲起来，睡前听一听真不错;这个可以有;0.052465563615616606
-----;------;------;0.25595393070573774;0.8010829590105097;;0;1.0;162;1.8326457329502576e-05;0.502385237573761;0.8607501538755784
这个配音阵容就已经开始期待了，这个题材也好喜欢啊，就爱甜宠！;超级期待啊;0.23300509833793726
-----;------;------;0.0;0.23300509833793726;;0;1.0;35;3.9594197934110505e-06;0.4000007918839587;0.6853321264519042
帮我赚钱[爱你][爱你];结果：赚我的钱[单身狗];-0.8740323805293657
-----;------;------;0.0;;-0.8740323805293657;0;1.0;158;1.7873952210255598e-05;0.4000035747904421;0.6853368944805098
这AI还挺仿真，真人不喜欢干的事儿它是一样也不干啊;笑死;-0.017261742742865627
-----;------;------;0.0;;-0.017261742742865627;0;1.0;361;4.083858701203969e-05;0.40000816771740244;0.685344763665932
所以其实最难以取代的职业是保姆[doge]。;@李子暘Lee;0.3598185877686091
所以其实最难以取代的职业是保姆[doge]。;所以未来题材一定会有家政机器人，现在的人类在干嘛啦（拍桌）;0.9753763360213796
-----;------;------;0.30777887412638527;0.9753763360213796;;0;1.0;20;2.262525596234886e-06;0.5231120021556734;0.8962618776861425
请分清ai和robot的区别;如果robot有一个ai的脑袋呢[doge];-0.5985916954279922
-----;------;------;0.0;;-0.5985916954279922;0;1.0;195;2.2059624563290138e-05;0.4000044119249127;0.6853383287655376
你这个产品又香了;赛道又热了[思考];0.6270444270657933
-----;------;------;0.0;0.6270444270657933;;0;1.0;45;5.090682591528493e-06;0.40000101813651834;0.6853325140965063
现在已经是AI的时代了呀;又开始火爆了[笑cry];-0.35794403883343984
-----;------;------;0.0;;-0.35794403883343984;0;1.0;105;1.1878259380233152e-05;0.4000023756518761;0.6853348399641188
不得不说，AI的产品真的是太香了呀！;[鼓掌][鼓掌][鼓掌];0.9150840401924618
-----;------;------;0.0;0.9150840401924618;;0;1.0;121;1.368827985722106e-05;0.40000273765597144;0.6853354601954821
确实很香呀;竞争又要激烈了[笑cry];-0.39441632077514943
-----;------;------;0.0;;-0.39441632077514943;0;1.0;99;1.1199501701362685e-05;0.4000022399003403;0.6853346073773575
被标题吸引过来了[打call];大厂纷纷布局[思考];0.9926564845896748
-----;------;------;0.0;0.9926564845896748;;0;1.0;1717;0.00019423782243676495;0.4000388475644874;0.6853973282739743
以上需要有配套的实体才行，以下不需要身体。扫地有扫地机器人了，想要洗衣服擦玻璃想想要多少钱吧[doge]。可能不如雇个真人便宜。;但是想想搞砸工作会损失多少钱吧[开学季]，真人还能背锅AI还不会;-0.8635479968762663
以上需要有配套的实体才行，以下不需要身体。扫地有扫地机器人了，想要洗衣服擦玻璃想想要多少钱吧[doge]。可能不如雇个真人便宜。;回复@真理无常:但是现在的擦窗机普遍很难用[失望]请人来打扫也就一年两次一次两百[失望];-0.9969305199669063
以上需要有配套的实体才行，以下不需要身体。扫地有扫地机器人了，想要洗衣服擦玻璃想想要多少钱吧[doge]。可能不如雇个真人便宜。;洗衣机擦窗机现在都有了，也就几千块的事。怎么可能真人更便宜。;-0.41223923724038514
以上需要有配套的实体才行，以下不需要身体。扫地有扫地机器人了，想要洗衣服擦玻璃想想要多少钱吧[doge]。可能不如雇个真人便宜。;可是清洁扫地机器人，吸尘器之类的我觉着好烦;-0.9807532112292494
-----;------;------;0.23724213584129356;;-0.9969305199669063;0;1.0;84;9.502607504186521e-06;0.49489875485801826;0.8479233614708429
我希望AI干的事情：帮我赚钱[二哈];现在AI干的事：让你没钱可赚[笑cry];-0.9281174085127615
我希望AI干的事情：帮我赚钱[二哈];回复@稀有的小鸟:不不不，AI赡养人类[doge];0.9260086716087172
我希望AI干的事情：帮我赚钱[二哈];你能用ai赚钱，那么别人也可以。所以最后大家都赚不到钱，被ai抢了工作;-0.7942105917247397
-----;------;------;0.8442530472759431;0.9260086716087172;-0.9281174085127615;1.8541260801214787;0.07293695993926064;162;1.8326457329502576e-05;0.3668796681775474;0.6285848134446428
是哦[挖鼻]@葳同学;人类生存空间集体下滑;0.9891107258411913
-----;------;------;0.0;0.9891107258411913;;0;1.0;178;2.0136477806490484e-05;0.40000402729556134;0.685337669769714
@走太快会扯到蛋;妈的[悲伤];0.9565358982674714
-----;------;------;0.0;0.9565358982674714;;0;1.0;130;1.4706416375526759e-05;0.4000029412832751;0.685335809075624
哇塞！音乐完成之后大大会发出来吗？我想围观[哇];回复@仙女儿不仙儿的名单:期待期待！！！[心];0.9317188009126114
哇塞！音乐完成之后大大会发出来吗？我想围观[哇];我不会作曲哭死了词完成会发微博[允悲];0.9284229667953985
-----;------;------;0.0016479170586064518;0.9317188009126114;;0;1.0;3;3.393788394352329e-07;0.4006592346992105;0.6864602542553472
是的！之前我用ai调了几个唱的都特别自然！;不愧是ai[衰];0.9756257942868138
-----;------;------;0.0;0.9756257942868138;;0;1.0;76;8.597597265692566e-06;0.4000017195194532;0.6853337157947728
顺顺森气[可怜];你哥森气是有道理的[允悲];0.9788551627491395
-----;------;------;0.0;0.9788551627491395;;0;1.0;18;2.036273036611397e-06;0.40000040725460734;0.6853314674560806
我更关心版权算谁的？;可能会归发布者（我猜）毕竟这只是个插件[二哈]它生成出来的旋律，和弦你还会做调整。当然如果不调整直接用可能就算AI的了;-0.3006416649248289
我更关心版权算谁的？;这个还没权威界定，也很难说，包括画画文字领域，大家现在都在偷偷用代替自己工作;0.9999437146563794
-----;------;------;0.6502926897906042;0.9999437146563794;-0.3006416649248289;1.3005853795812083;0.3497073102093958;300;3.393788394352329e-05;0.4000067875767887;0.6853423990338593
天地，举天下之仁义所;，多力而伐功，虽劳必不图。己;0.8021109925553154
天地，举天下之仁义所;不慎也。」非独染丝然也，国，;0.0911265769094185
天地，举天下之仁义所;察者，不足与游。本父;0.7790812648954843
-----;------;------;0.32986712145775515;0.8021109925553154;;0;1.0;117;1.3235774737974083e-05;0.5319494957380496;0.9114033933836214
多业，举物而，无务博闻。是，;，晋文染于舅犯高偃，楚庄染。;0.4815405507203252
多业，举物而，无务博闻。是，;，则亡国矣。见贤而天;0.47384454061196
多业，举物而，无务博闻。是，;留，行莫辩于身者不立口;-0.9094017768187721
-----;------;------;0.6538900826589156;0.4815405507203252;-0.9094017768187721;1.3909423275390973;0.30452883623045135;117;1.3235774737974083e-05;0.3833702147106943;0.6568385108153076
家日盆，身日安，名日从;反之身者也。藏于心者，无以竭行;0.24895785106243506
家日盆，身日安，名日从;有也。虽至士之为将相者伤;0.23462088609603415
家日盆，身日安，名日从;弓难张，然可以及高入深乃;0.11694778795598948
-----;------;------;0.0591412277252906;0.24895785106243506;;0;1.0;117;1.3235774737974083e-05;0.42365913824506385;0.7258666082553691
深，良马难乘，然可焉;治天下也，必察迩来远然;0.17326908514325612
深，良马难乘，然可焉;，我无安心也。非无足财也，我于;0.47293711042865394
深，良马难乘，然可焉;杂庸民，终无怨心，彼有自信此;0.8852181619203836
-----;------;------;0.2918614737472747;0.8852181619203836;;0;1.0;117;1.3235774737974083e-05;0.5167472366538575;0.8853569535854106
许由伯阳，禹染于□(皋)非;，不能为君者，伤形费神，，;0.05361332944720565
许由伯阳，禹染于□(皋)非;与游。本不固者末必几，雄而不也;0.12085294621766773
许由伯阳，禹染于□(皋)非;矣。见贤而不急，则缓其君矣为;0.5332233161159288
-----;------;------;0.2120262634009287;0.5332233161159288;;0;1.0;117;1.3235774737974083e-05;0.4848131525153191;0.8306434274299235
民心，谄谀在侧，善议障伐;工，皆以此五者为法。巧，;0.968746614336297
民心，谄谀在侧，善议障伐;，必称此六君也。凡君之所不;0.9805467167071817
民心，谄谀在侧，善议障伐;吾闻之曰：「非无安居也，我义;-0.7899224090670585
-----;------;------;0.8318397883683477;0.9805467167071817;-0.7899224090670585;1.7704691257742402;0.1147654371128799;117;1.3235774737974083e-05;0.37864473734743864;0.6487422232189575
不礼。此六君者，所染不当，故好;无法仪而其事能成者无有也。必;0.029842005680827288
-----;------;------;0.0;0.029842005680827288;;0;1.0;117;1.3235774737974083e-05;0.4000026471549476;0.6853353051376412
啊杳老师嫁给我http://t.cn/A6Cb7EpN;嫁你！[单身青蛙];0.395550465355786
-----;------;------;0.0;0.395550465355786;;0;1.0;32;3.6200409539758174e-06;0.4000007240081908;0.6853320101585235
AI替代不了绘画商业画可以作为搞技术的并不喜欢AI越来越模块程序式的社会越来越没味道;回复@乔治的大魔王:我不是搞美术的是学电子的但真的很讨厌电脑做的东西连智能家电我都抵触好想回到古代;0.999670632554317
AI替代不了绘画商业画可以作为搞技术的并不喜欢AI越来越模块程序式的社会越来越没味道;Ai出图快，而且说实话，比大部分画师都画得好，在过一两年，那进步的速度应该会超过大家的想象8⃣️;0.7950700546223761
AI替代不了绘画商业画可以作为搞技术的并不喜欢AI越来越模块程序式的社会越来越没味道;虽然替代不了绘画，但也会对绘画的原创能力再一次拔高。风格同质化严重的绘画/手绘一样存在危机，尤其要考虑成品最终会印刷呈现的情况。;0.9999239906212276
-----;------;------;0.09650940988929284;0.9999239906212276;;0;1.0;243;2.7489685994253864e-05;0.438609261892916;0.7514810576219436
失语症！[doge];嗯，AI填的英文版歌词。这几天超话发的外国AI弄的中文歌词没有押中文的韵，语句间直接拼凑没有逻辑关系。这种估计还得中国训练出来的AI才能做好吧。;0.9968818162144983
-----;------;------;0.0;0.9968818162144983;;0;1.0;37;4.185672353034539e-06;0.40000083713447065;0.6853322039808246
其实前几年就已经有智能编曲了，自然语言处理NLP模型和写歌思路不太一样[doge];嗯，中文的歌词又要押韵，每句间还要有一定的逻辑关系，突出主旨，还要自然有美感;0.9420729918807784
-----;------;------;0.0;0.9420729918807784;;0;1.0;66;7.466334467575123e-06;0.40000149326689355;0.6853333281501707
之前看到有个叫晚安小树把ai生成的插图挂在橱窗拍卖。我告诉他ai作画不能卖，因为这东西没版权。结果他把我骂了一顿，说我不懂艺术然后把我拉黑了。[二哈][二哈][二哈];回复@海利亚白毛鸭:还我不懂艺术，难不成电脑显卡懂[允悲]，没个十年脑血栓干不出这事;-0.6688162285473787
之前看到有个叫晚安小树把ai生成的插图挂在橱窗拍卖。我告诉他ai作画不能卖，因为这东西没版权。结果他把我骂了一顿，说我不懂艺术然后把我拉黑了。[二哈][二哈][二哈];他心虚了，他急了;-0.7652269045742872
-----;------;------;0.04820533801345428;;-0.7652269045742872;0;1.0;45;5.090682591528493e-06;0.41928315334190003;0.7183691155007129
想起一个电影：HER;人工智能定制的语音女朋友让人类沉迷;0.9506426551929366
-----;------;------;0.0;0.9506426551929366;;0;1.0;3;3.393788394352329e-07;0.4000000678757679;0.6853308859891776
写成刘德华了;回复@海绵饱饱9号机:那你可以改一下名字呀;-0.5179728044026466
写成刘德华了;有道翻译的[允悲];0.9687235931190272
-----;------;------;0.7433481987608369;0.9687235931190272;-0.5179728044026466;1.4866963975216738;0.2566518012391631;2924;0.0003307812421695403;0.40006615624843395;0.6854441169774455
这是谷歌那款人工智能吗[偷乐]我前两天刚折磨完它[偷笑];挺好玩的;0.8095334434471175
-----;------;------;0.0;0.8095334434471175;;0;1.0;560;6.335071669457681e-05;0.4000126701433389;0.6853524777935134
老师听着生成的音乐。音质不太好，是什么原因呢。;回复@捣鼓音符的小胖:刚看到答案哈哈哈;0.577728591102632
老师听着生成的音乐。音质不太好，是什么原因呢。;视频里说了呀[允悲];0.9036621217920342
-----;------;------;0.16296676534470111;0.9036621217920342;;0;1.0;70;7.918839586822101e-06;0.46518828990579786;0.7970196219365299
人声也会有吗……;回复@捣鼓音符的小胖:我看完了，这是个感叹句[笑cry]太智能了，可怕;0.29515142778811576
人声也会有吗……;你看视频就知道了，啥都有[坏笑];0.8228922693698395
-----;------;------;0.26387042079086187;0.8228922693698395;;0;1.0;0;0.0;0.5055481683163447;0.866169288276352
美国一直出牛逼轰轰的立志改变世界的科技人才，推动科技创新发展，全世界的楷模;回复@叫我坦坦:美国IT领域一堆亚裔Google、微软的掌门人是印度人,NVIDIA的掌门人是华人没事多去看看美国科技公司发布会,上台发言的高管有不少都是亚洲人;0.9999038944615124
美国一直出牛逼轰轰的立志改变世界的科技人才，推动科技创新发展，全世界的楷模;又一假洋鬼子;0.06312450753304466
美国一直出牛逼轰轰的立志改变世界的科技人才，推动科技创新发展，全世界的楷模;回复@桔子木子:别人都是精英，你是吗？;-0.14684444647845885
美国一直出牛逼轰轰的立志改变世界的科技人才，推动科技创新发展，全世界的楷模;与此同时，中国的互联网大佬们在想方设法给你借贷;0.8021681021875438
美国一直出牛逼轰轰的立志改变世界的科技人才，推动科技创新发展，全世界的楷模;可惜你是黄皮肤，;-0.1152553568912229
-----;------;------;0.48334862120426286;0.9999038944615124;-0.14684444647845885;1.1467483409399712;0.4266258295300144;117;1.3235774737974083e-05;0.36399242744865845;0.6236380261670765
可悲的是有个大国居然不让使用…．;不给你用是为你好[doge];-0.04994528631977024
可悲的是有个大国居然不让使用…．;用不了是你的问题;-0.26121781773600317
可悲的是有个大国居然不让使用…．;回复@cf斯世:咋搞[泪]？？？;0.8902918758736491
可悲的是有个大国居然不让使用…．;别叫这个大国很多人都能用只是你不会[哈哈];0.14053302661674105
可悲的是有个大国居然不让使用…．;为啥我能用?在这叫不如去实践一下;-0.3611578979046304
可悲的是有个大国居然不让使用…．;回复@千万别躺平:[笑cry]你不用就不会被淘汰了？什么逻辑啊;-0.5740274916675538
可悲的是有个大国居然不让使用…．;用了你不就被淘汰了吗？;-0.24788966356644737
-----;------;------;0.4430110405765814;0.8902918758736491;-0.5740274916675538;1.464319367541203;0.2678403162293985;242;2.737655971444212e-05;0.28434601803433485;0.4871776884985141
中国人又用不上[摊手];只是你不会用，连这种最基本动手能力都没有的人用不了也好，免得污染数据库;0.027003859178176937
中国人又用不上[摊手];很多人都在用啊[doge];0.3848023458947549
中国人又用不上[摊手];我们是个独立的存在，你们走出去，就可以使用了;0.504907126250941
-----;------;------;0.20298780697916663;0.504907126250941;;0;1.0;6;6.787576788704658e-07;0.48119525854320244;0.8244447922784522
确实厉害的一个人，但是物质极大丰富了，人都不上班了，一些人酒饱思淫欲，可能要干坏事，所以得开展教育活动，提高思想觉悟，境界高了，达到大同世界。;限制一个人的思想和胡乱行为。最基本的条件就是控制住温饱。挣扎于温饱线上下浮动。这样社会才会没那么多衣食无忧开始研究歪门邪道的人。;0.9750869420089257
确实厉害的一个人，但是物质极大丰富了，人都不上班了，一些人酒饱思淫欲，可能要干坏事，所以得开展教育活动，提高思想觉悟，境界高了，达到大同世界。;恰恰相反，人只有做自己喜欢的事情效率才会更高！这个世界有多少人还挣扎在生存线上，做着自己并不喜欢的工作，浑浑噩噩，虚度人生。如果基本的生存有了保障，实现了每个人自由而全面的发展，人类的生产力反而会飞跃提高…;0.9999999964866739
确实厉害的一个人，但是物质极大丰富了，人都不上班了，一些人酒饱思淫欲，可能要干坏事，所以得开展教育活动，提高思想觉悟，境界高了，达到大同世界。;被洗脑洗惯了不洗反倒刺挠了[哈哈];-0.9913487643521044
-----;------;------;0.9329141877191511;0.9999999964866739;-0.9913487643521044;1.9913487608387783;0.00432561958061084;264;2.9865337870300493e-05;0.37490189598747886;0.6423295123437812
要是生在中国，最多也就是考一个技校;哈哈哈哈哈哈哈哈哈哈哈哈哈哈;0.9985566242919812
-----;------;------;0.0;0.9985566242919812;;0;1.0;51;5.769440270398959e-06;0.40000115388805413;0.6853327466832676
法律司法审判需要chargpt.这玩意儿比那些糊涂法官好太多;回复@ZhHuPi:法官还存在吗？[允悲];0.8839515025799709
法律司法审判需要chargpt.这玩意儿比那些糊涂法官好太多;法官不可能被替代的;0.8800098349873764
-----;------;------;0.0019708337962972555;0.8839515025799709;;0;1.0;23;2.601904435670119e-06;0.4007888538994061;0.6866823343209406
我对UBI计划嗤之以鼻！人性，人类的劣根性，让Ubi只能成为泡影;你算个啥？;-0.6000000000000001
我对UBI计划嗤之以鼻！人性，人类的劣根性，让Ubi只能成为泡影;UBI的出现会伴随强管理制度吧;0.9488365181706495
-----;------;------;0.7744182590853248;0.9488365181706495;-0.6000000000000001;1.5488365181706496;0.2255817409146752;325;3.67660409388169e-05;0.4000073532081878;0.6853433681453646
好激动！好厉害！这哥们是技术员届的马克思吧[笑cry][笑cry]@肉太好吃顿顿吃;太牛了不是凡人;-0.4468283834432272
-----;------;------;0.0;;-0.4468283834432272;0;1.0;132;1.4932668935150247e-05;0.4000029865337871;0.6853358866045444
如果分给每人钱不是物价一样上涨么;这不是凭空印钱，而是再分配到普通人手上;-0.45896561394965163
如果分给每人钱不是物价一样上涨么;这就太复杂了不是说得清楚的;-0.7250752258545949
-----;------;------;0.13305480595247166;;-0.7250752258545949;0;1.0;51;5.769440270398959e-06;0.4532230762690428;0.7765192992583999
这种诞生只会越来越多的拉开贫富差距，底层人再无可能翻身;相反，这将会推动共产主义的实现;0.6020438873369576
-----;------;------;0.0;0.6020438873369576;;0;1.0;43;4.8644300319050045e-06;0.4000009728860064;0.6853324365675858
如果真的按文章中所写，那我希望这天早日到来；中国底层人，世界底层人民实在太苦了;中国以外底层有可能，国内不太可能，要说就是所谓的“国情”让绝大部分人疲于奔命;0.7915636855099508
-----;------;------;0.0;0.7915636855099508;;0;1.0;144;1.6290184292891177e-05;0.4000032580368586;0.6853363517780668
比较好奇从AGI到UBI的过程需多长时间，或者说需牺牲多少失业的人？有些人可能还没挨到UBI就已经失业致死了。解放全人类之后人类想干什么就干什么，可是地球上的资源依旧是有限的，在人类不断消耗掉地球上的资源，顶端的主宰者是会像灭霸那样消减人口数量还是继续开发其他星球资源呢，或二者同时进行。;第一次看到chatGPT的介绍视频的时候，第一想到的是社会主义高级阶段要实现了啊！可是理论和实际还是有不同，个人感觉绝对公平是不可能实现的！;0.8262474479545383
-----;------;------;0.0;0.8262474479545383;;0;1.0;61;6.900703068516402e-06;0.4000013801406137;0.6853331343278696
之前翻译过山姆奥特曼的文章：http://t.cn/A6CyVbuI揭示了未来社会的发展方向，以及人类的应对措施。;太棒了！;0.8011822071642303
-----;------;------;0.0;0.8011822071642303;;0;1.0;153602;0.017376422831643548;0.40347528456632875;0.6912850683126819
只有那些疯狂到以为自己能够改变世界的人，才能真正改变世界;相信改变可以发生，是一切改变得以发生的前提;0.9622926339305153
-----;------;------;0.0;0.9622926339305153;;0;1.0;9;1.0181365183056986e-06;0.4000002036273037;0.6853311185759389
你这功课做得充分啊;哈哈哈哈我一追星追剧就这状态，所以轻易不敢入坑[doge];-0.5244749437205467
-----;------;------;0.0;;-0.5244749437205467;0;1.0;152;1.719519453138513e-05;0.4000034390389063;0.6853366618937485
一起感受音乐的魅力;不愧是曾轶可[心];0.9958985482577352
-----;------;------;0.0;0.9958985482577352;;0;1.0;94;1.0633870302303965e-05;0.4000021267740605;0.6853344135550565
音乐的魅力就在这里，一起感受一下;是的;0.052465563615616606
-----;------;------;0.0;0.052465563615616606;;0;1.0;7;7.918839586822101e-07;0.40000015837679176;0.6853310410470184
相比之下，吃得案例健康、有机食品更重要。;人类不需要AI解放，肚子都管不好，一堆毛病。;-0.20372615565283025
-----;------;------;0.0;;-0.20372615565283025;0;1.0;198;2.239900340272537e-05;0.40000447980068055;0.685338445058918
博主是不是ai?;博主是chatgpt的真相被你发现了[二哈];0.4971241982901724
-----;------;------;0.0;0.4971241982901724;;0;1.0;7;7.918839586822101e-07;0.40000015837679176;0.6853310410470184
好好听啊[打call][打call][打call];回复@加特林小土豆:哈哈哈哈哈哈！[偷笑][偷笑];0.9593734527570814
好好听啊[打call][打call][打call];笑发财，我翻评论发现宝你确实来了，我还回复你了。原谅我老年痴呆➕老花眼[揣手];0.6422900937388014
好好听啊[打call][打call][打call];回复@加特林小土豆:[团圆兔];0.9928615946756627
好好听啊[打call][打call][打call];啾咪！;0.842567982755593
-----;------;------;0.1371373877540033;0.9928615946756627;;0;1.0;9;1.0181365183056986e-06;0.45485515872890503;0.7793155900794608
辛苦土豆老师了唱得真好！！[泪][泪];哈哈哈哈哈哈哈哈牧老师太强了;0.989461710152957
辛苦土豆老师了唱得真好！！[泪][泪];你这个太绝了哈哈哈哈哈哈哈哈哈哈哈哈哈哈;0.9983969112131614
辛苦土豆老师了唱得真好！！[泪][泪];你全场最佳[doge];0.23695550176431568
辛苦土豆老师了唱得真好！！[泪][泪];我想厶;0.036059582197340845
辛苦土豆老师了唱得真好！！[泪][泪];宝也棒棒！[爱你][爱你][爱你][爱你];0.9977716474279767
-----;------;------;0.4254582059068148;0.9983969112131614;;0;1.0;316;3.5747904420511195e-05;0.5701904319436101;0.9769226189927329
我跪着看完的[抓狂]老师太厉害啦！声音好百变好好听！视频好牛，歌好好听！片尾大家都好可爱[笑哈哈][笑哈哈][笑哈哈]情人节快乐[抱一抱];回复@小小鬼的一天:哎呀~情感传递到就好了呀~[爱你];0.9963155208804753
我跪着看完的[抓狂]老师太厉害啦！声音好百变好好听！视频好牛，歌好好听！片尾大家都好可爱[笑哈哈][笑哈哈][笑哈哈]情人节快乐[抱一抱];回复@加特林小土豆:我太简陋了不善言辞[抓狂]大家都好有趣，[哇];-0.8115143050045586
我跪着看完的[抓狂]老师太厉害啦！声音好百变好好听！视频好牛，歌好好听！片尾大家都好可爱[笑哈哈][笑哈哈][笑哈哈]情人节快乐[抱一抱];情人节快乐！没想到吧~你压轴~[春游家族];0.6977733164479689
-----;------;------;0.7912946670879706;0.9963155208804753;-0.8115143050045586;1.8078298258850338;0.09608508705748309;11648;0.0013176949072471976;0.3552154406396309;0.6086001783534747
啊啊啊啊啊好听！;回复@加特林小土豆:嘿嘿嘿[害羞];0.506117575380695
啊啊啊啊啊好听！;忘川的歌真不是人唱的~各种意义上~哈哈哈哈哈~;0.7990091301150488
-----;------;------;0.1464457773671769;0.7990091301150488;;0;1.0;1568;0.00017738200674481506;0.4586137873482198;0.7857553496911499
好好听啊！土豆仔棒棒[打call][赞]怎么感觉别人都在认真告白就我在乱说哈哈哈哈祝大家情人节快乐;情人节快乐~[抱一抱];0.9555216557189681
-----;------;------;0.0;0.9555216557189681;;0;1.0;2569;0.00029062141283637107;0.4000581242825673;0.6854303555940715
戬戬情人节快乐[心][心];回复@加特林小土豆:那必须滴[污];-0.3805079630326158
戬戬情人节快乐[心][心];宝贝好快啊！;0.7616759259524584
-----;------;------;0.5710919444925371;0.7616759259524584;-0.3805079630326158;1.1421838889850742;0.4289080555074629;55;6.221945389645936e-06;0.40000124438907797;0.6853329017411084
来了[爱你]来了[爱你];情人节快乐~;0.7869883163879536
-----;------;------;0.0;0.7869883163879536;;0;1.0;63;7.126955628139891e-06;0.40000142539112565;0.68533321185679
大家和阿戬情人节快乐！[好爱哦];太太也是，情人节快乐！[爱你];0.8762919942565401
-----;------;------;0.0;0.8762919942565401;;0;1.0;270;3.054409554917096e-05;0.40000610881910986;0.6853412361000532
太厉害了，各方面都实在是深得我心，马住再听听;回复@加特林小土豆:那倒不至于[哈哈][哈哈][哈哈][哈哈];0.22811091260962235
太厉害了，各方面都实在是深得我心，马住再听听;回复@朕什么都不缺:嗯？莫非皮下是萝莉？[666];-0.94940100929948
太厉害了，各方面都实在是深得我心，马住再听听;回复@加特林小土豆:朕哪怕是萝莉那也是朕！！！;-0.4757750382246104
太厉害了，各方面都实在是深得我心，马住再听听;微软AI实在没有帝王攻音~[干饭人];0.03570884634400384
-----;------;------;0.45930566248544513;0.22811091260962235;-0.94940100929948;1.1775119219091024;0.4112440390454488;126;1.4253911256279782e-05;0.3482227313946089;0.5966193813306001
辛苦[爱你]唱的太好听了！[爱你][爱你][爱你];回复@加特林小土豆:大家文采棒棒哒;-0.42699282968395713
辛苦[爱你]唱的太好听了！[爱你][爱你][爱你];谢谢鼓励~[春游家族];0.8461280408673149
-----;------;------;0.636560435275636;0.8461280408673149;-0.42699282968395713;1.273120870551272;0.363439564724364;63;7.126955628139891e-06;0.40000142539112565;0.68533321185679
大家太用心了吧[抱一抱][抱一抱]突然出现男声赶紧去看了眼id[二哈]美女们和戬子都开心过节[心];回复@卡门涡街Blancverta:哟！真男儿来了[666];0.055279021499069936
大家太用心了吧[抱一抱][抱一抱]突然出现男声赶紧去看了眼id[二哈]美女们和戬子都开心过节[心];回复@加特林小土豆:咳嗯嗯[思考];0.9124300938533243
大家太用心了吧[抱一抱][抱一抱]突然出现男声赶紧去看了眼id[二哈]美女们和戬子都开心过节[心];只有一个真男儿~其他全是让我用AI男声的~[干饭人];-0.6925298053491582
-----;------;------;0.6557287955988965;0.9124300938533243;-0.6925298053491582;1.6049598992024825;0.19752005039875875;106;1.1991385660044895e-05;0.34130193667619413;0.5847617974024056
小土豆辛苦啦[抱一抱][抱一抱][抱一抱][抱一抱]情人节快乐[憧憬];恭喜发财！我戬糍粑！[钢镚儿];0.6837076814818619
-----;------;------;0.0;0.6837076814818619;;0;1.0;626;7.081705116215193e-05;0.40001416341023244;0.6853550362478872
情人节快乐！小土豆老师真棒[打call][打call][打call];谢谢宝的图~可帮大忙了~[春游家族];0.8727162921008405
-----;------;------;0.0;0.8727162921008405;;0;1.0;379;4.287486004865109e-05;0.40000857497200976;0.6853454614262158
来啦，彩蛋里有我[抱一抱]永远中意我们小杨神仙！！！辛苦露露宝贝[爱你][爱你]歌真的超级超级好听！越来越棒啦～大家情人节快乐[兔子][兔子]【退订请回复TD】;回复@加特林小土豆:叮～恭喜！您的真爱粉丝服务续费成功[并不简单];0.9846156006328606
来啦，彩蛋里有我[抱一抱]永远中意我们小杨神仙！！！辛苦露露宝贝[爱你][爱你]歌真的超级超级好听！越来越棒啦～大家情人节快乐[兔子][兔子]【退订请回复TD】;不退不退！扒着不放~[春游家族];-0.9843634211905008
-----;------;------;0.9844895109116807;0.9846156006328606;-0.9843634211905008;1.9689790218233614;0.015510489088319313;1848;0.00020905736509210346;0.4000418114730184;0.6854024064182614
好赞！！;恭喜发财！[钢镚儿];0.7357139072288505
-----;------;------;0.0;0.7357139072288505;;0;1.0;796;9.004851873014846e-05;0.40001800970374607;0.6853616262061226
好棒！！！！;情人节快乐~[爱你];0.9057318396249603
-----;------;------;0.0;0.9057318396249603;;0;1.0;148;1.6742689412138156e-05;0.40000334853788244;0.6853365068359077
来啦来啦[打call]呜呜呜土豆老师的歌也太好听了叭[泪]彩蛋真的很用心[羞嗒嗒]这个情人节，有戬有你们[抱一抱]真的好幸福！;[春游家族][春游家族][春游家族]情人节快乐~;0.879061193845583
-----;------;------;0.0;0.879061193845583;;0;1.0;176;1.9910225246866997e-05;0.4000039820450494;0.6853375922407935
真棒啊[求关注];谢谢宝[春游家族];0.4994411235249918
-----;------;------;0.0;0.4994411235249918;;0;1.0;1299;0.00014695103747545583;0.4000293902074951;0.6853811247296072
昨天听歌，今天看表白，真是一个比一个走位风骚[哈哈][哈哈][哈哈][哈哈][哈哈];[666][666][666][666][666][666];0.0
-----;------;------;0.0;0.0;0.0;0;1.0;126;1.4253911256279782e-05;0.4000028507822513;0.6853356540177832
啊啊啊我来认领一下[害羞][害羞]戬子情人节快乐;情人节发财[春游家族];-0.2555681094737312
-----;------;------;0.0;;-0.2555681094737312;0;1.0;828;9.366855968412428e-05;0.40001873371193686;0.6853628666688493
超级棒辛苦了！！;啾咪！谢谢宝~情人节快乐！[爱你];0.9954250398599105
-----;------;------;0.0;0.9954250398599105;;0;1.0;5385;0.000609185016786243;0.4001218370033573;0.6855395163140175
好感动[抓狂][爱你]瞳老师其实是自带bgm[偷乐];哈哈哈哈~时间来不及，卡节奏卡得有点粗糙~对不起瞳瞳子的精彩喊麦[笑cry];-0.1845042563379733
-----;------;------;0.0;;-0.1845042563379733;0;1.0;709;8.020653238652671e-05;0.40001604130647733;0.6853582536980845
来了来了，歌好听大家也写的好好[色]情人节快乐！[抱抱][抱抱][抱抱];同乐同乐~恭喜发财！[锦鲤附体];0.9190072080372724
-----;------;------;0.0;0.9190072080372724;;0;1.0;118;1.3348901017785826e-05;0.4000026697802036;0.6853353439021015
吹爆哇哇哇[哇];回复@加特林小土豆:[打call];0.25519756799142423
吹爆哇哇哇[哇];谢谢~[春游家族][春游家族][春游家族];0.4229072868912995
-----;------;------;0.08385485944993765;0.4229072868912995;;0;1.0;18;2.036273036611397e-06;0.4335423510345824;0.7427997828256393
@Letzter_盏@皿声_12@离箫书月秋_流浪地球激推版@何熙i@劣质裙带菜_藻饿了@牧瞳瞳子_@清源妙道小阿花@LongYears352@张不开衍@乌拉乌拉木哥@吃巧克力蛙的George;@徽敏瑶_谢桥闻雪@GAGA-bubble@凌越Joker@莹仔_余处幽篁@使袅琵公主_@冰岛的小海豚@朕什么都不缺@时渊星辰@卡门涡街Blancverta@小小鬼的一天;0.9999989764015813
-----;------;------;0.0;0.9999989764015813;;0;1.0;875;9.898549483527626e-05;0.40001979709896707;0.685364688598479
[爱你]好好听呀！;谢谢宝~[春游家族];0.45900302739530274
-----;------;------;0.0;0.45900302739530274;;0;1.0;15;1.6968941971761645e-06;0.40000033937883944;0.6853313511627
啊[鲜花]好棒好好听;谢谢，情人节快乐！;0.8356403342792305
-----;------;------;0.0;0.8356403342792305;;0;1.0;536;6.0635685979094944e-05;0.40001212713719586;0.6853515474464685
哇太厉害了吧[心]有这样的活动下次请一定叫上我[苦涩];下次一定！这次为了凑6分24秒，没敢喊更多人[抱一抱];-0.1632855054706459
-----;------;------;0.0;;-0.1632855054706459;0;1.0;44;4.977556311716749e-06;0.4000009955112624;0.6853324753320461
这也太好听了吧！！！[泪][泪][泪]为土豆老师疯狂打call！[打call][打call][打call];谢谢鼓励[春游家族][春游家族][春游家族][春游家族];0.9138702479005489
-----;------;------;0.0;0.9138702479005489;;0;1.0;310;3.506914674164073e-05;0.40000701382934833;0.6853427866784614
[羞嗒嗒][羞嗒嗒]全是粉红泡泡;毕竟情人节[春游家族];0.1701764984036105
-----;------;------;0.0;0.1701764984036105;;0;1.0;226;2.556653923745421e-05;0.4000051133078475;0.6853395304638039
好牛啊你们[打call];谢谢[春游家族];0.32149712209054404
-----;------;------;0.0;0.32149712209054404;;0;1.0;4;4.525051192469772e-07;0.40000009050102386;0.6853309247536378
土豆老师太会唱！好听的我流泪[泪][泪];谢谢[爱你]，彩蛋更精彩[666];0.7991876425382209
-----;------;------;0.0;0.7991876425382209;;0;1.0;4;4.525051192469772e-07;0.40000009050102386;0.6853309247536378
天啊太棒了吧[哇][哇][哇]下次可以带上我吗[送花花][送花花][送花花][送花花][送花花];谢谢鼓励[春游家族][春游家族][春游家族];0.8986773445627017
-----;------;------;0.0;0.8986773445627017;;0;1.0;215;2.4322150159525024e-05;0.4000048644300319;0.6853391040547416
劳斯你是神仙吧[泪];谢谢~情人节快乐~[春游家族];0.8595863531338237
-----;------;------;0.0;0.8595863531338237;;0;1.0;0;0.0;0.4;0.6853307696957969
强啊[开学季];情人节发财！[送花花];0.00843610287710006
-----;------;------;0.0;0.00843610287710006;;0;1.0;105;1.1878259380233152e-05;0.4000023756518761;0.6853348399641188
感谢土豆老师[打call][打call][打call]太用心了，情人节快乐[送花花][送花花][送花花];发财发财[春游家族];0.08500690885576034
-----;------;------;0.0;0.08500690885576034;;0;1.0;70;7.918839586822101e-06;0.4000015837679174;0.6853334832080115
[羞嗒嗒];回复@加特林小土豆:[抱一抱][抱一抱][抱一抱];0.9933396457578716
[羞嗒嗒];宝，你的背景和头像配套的哟！[春游家族];0.19557342439216918
-----;------;------;0.3988831106828512;0.9933396457578716;;0;1.0;156;1.764769965063211e-05;0.5595567738130707;0.9587036862145216
来啦！小土豆唱得好听！大家写得真好！祝戬子和大家情人节快乐！[打call];[抱一抱][抱一抱][抱一抱][抱一抱];0.9978533812900465
-----;------;------;0.0;0.9978533812900465;;0;1.0;207;2.341713992103107e-05;0.40000468342798423;0.6853387939390599
好厉害[举手]好好听[抱一抱];[抱一抱][抱一抱][抱一抱]谢谢太太;0.9887876787775713
-----;------;------;0.0;0.9887876787775713;;0;1.0;41141;0.004654128277734972;0.400930825655547;0.6869255783532184
太好听了[开学季][开学季][开学季][开学季];回复@小李香煎包:谢谢喜欢[抱一抱][抱一抱][抱一抱];0.9904662439785308
太好听了[开学季][开学季][开学季][开学季];回复@加特林小土豆:老师的声音太好听了，多变，可御可软，呜呜呜呜，我好爱，歌词也写的好好，押韵配图一绝，呜呜呜，表白各位老师[泪][泪][泪];0.9999999108904443
太好听了[开学季][开学季][开学季][开学季];啾咪[春游家族][春游家族][春游家族];0.9118026297533899
-----;------;------;0.03952160507272181;0.9999999108904443;;0;1.0;1;1.131262798117443e-07;0.4158086646543447;0.7124161804843588
新的浪潮，期待新的开源提供原初动力[二哈];您是懂创新的;0.5511076963527624
-----;------;------;0.0;0.5511076963527624;;0;1.0;792;8.959601361090148e-05;0.4000179192027222;0.6853614711482817
你训练一个能找到梅林的ai;专精面部表情识别拿到牌那一刻就找到了[笑cry];0.9282456760704656
-----;------;------;0.0;0.9282456760704656;;0;1.0;426;4.819179519980307e-05;0.40000963835903997;0.6853472833558455
试用了说不过尔尔的人比较多。他们都不知道怎么问问题。上来就是：讲一个笑话。智商和小度一个等级。;回复@山中队员114:还好，你属于代码水平高的;0.4952905700555128
试用了说不过尔尔的人比较多。他们都不知道怎么问问题。上来就是：讲一个笑话。智商和小度一个等级。;至少他写的代码bug比我少多了[笑cry];0.3987938102543622
-----;------;------;0.04824837990057529;0.4952905700555128;;0;1.0;1584;0.00017919202722180297;0.4193351903656745;0.7184582719346031
………花边新闻满天飞，真正能说点干货的没几个[微笑];现在放出的这个是chatGPT3.5，之前githubcopilot是用chatGPT3实现的。其他比较简单的应用有包括我记得有SQL插件这些，你直接用自然语言说要匹配哪些选项就能给你写SQL代码。;0.8761680495302251
-----;------;------;0.0;0.8761680495302251;;0;1.0;42;4.751303752093261e-06;0.40000095026075044;0.6853323978031256
别再吹了，过些天就得往回圆[允悲]我今天试了试，没有惊喜;githubcopilot就是用chatGPT3实现的，现在openai放出的是3.5，你如果好好用问问题很多这方面是真不虚的。现在就有用它写SQL的插件，当然你直接主页问也行。;-0.9514193478921158
-----;------;------;0.0;;-0.9514193478921158;0;1.0;298;3.37116313838998e-05;0.4000067423262768;0.6853423215049389
我学数据分析的我可咋办啊[允悲];回复@白羊白-:会点r，python，powerbi，sql。都学过一些，但我还没找到工作呢[泪];0.9467584831166365
我学数据分析的我可咋办啊[允悲];你用的是哪个语言;0.2894736842105263
-----;------;------;0.32864239945305507;0.9467584831166365;;0;1.0;1044;0.00011810383612346104;0.5314805805484468;0.9105999883640901
绘画，已经有了，可以指定风格;这个现在还不能完全取代。当前的AI绘图最多给画师打一个底稿。真正要彻底满足甲方，还需要画师的人工修改。但是AI作曲真的可能一路做到满分。;-0.47953950341774787
-----;------;------;0.0;;-0.47953950341774787;0;1.0;2147;0.000242882122755815;0.40004857642455116;0.6854139969918637
这没有代替艺术家啊，只是在辅助艺术家创作啊;回复@唐律疏议V:甲方不是属于自行作曲了么，试听，提修改意见工作是创作的一部分，我是这么理解的。况且，甲方一般真的没有作曲家的专业水平，往往花了钱还没好效果。;-0.9126180138801072
这没有代替艺术家啊，只是在辅助艺术家创作啊;可以不用作曲家了啊。直接一路到底满足甲方需求。;0.8346233576912383
-----;------;------;0.8736206857856728;0.8346233576912383;-0.9126180138801072;1.7472413715713455;0.12637931421432724;413;4.6721153562250395e-05;0.4000093442307125;0.6853467794178629
音符背后的原理就是数学，七个音符之间的关系是毕达哥拉斯和他的学生发现的。西方数学微积分的封面就是一个高音符号。所以AI创作是水到渠成，但是人的情感因为个人成长经历和环境的影响是AI能够分析出来的吗？;如果是为了表达自己的情感而作曲，那其实就不是“工作”，而是个人娱乐的范畴了。AI自然永远不可能取代人类自身的娱乐。;0.9964937955340147
音符背后的原理就是数学，七个音符之间的关系是毕达哥拉斯和他的学生发现的。西方数学微积分的封面就是一个高音符号。所以AI创作是水到渠成，但是人的情感因为个人成长经历和环境的影响是AI能够分析出来的吗？;情感不过是人脑数据库中的cookie;0.9953332620650184
-----;------;------;0.0005802667344981804;0.9964937955340147;;0;1.0;544;6.15406962175889e-05;0.4002444148330428;0.6857495322099326
[微风];[喵喵];-0.05246556361561838
-----;------;------;0.0;;-0.05246556361561838;0;1.0;103;1.1652006820609662e-05;0.4000023304013641;0.6853347624351983
这歌名[允悲][允悲][允悲];回复@风中流转Ruby:哈哈哈哈哈哈哈;0.9787862811502874
这歌名[允悲][允悲][允悲];幺洞洞洞幺洞洞哈哈哈哈;0.23236436469542454
-----;------;------;0.37321095822743144;0.9787862811502874;;0;1.0;1720;0.0001945772012762002;0.5493232987312279;0.9411703978282664
正好最近想给妈妈找找这种音乐，太感谢啦[心]，给妈妈存起来~;好耶;0.0
-----;------;------;0.0;0.0;0.0;0;1.0;80;9.050102384939544e-06;0.400001810020477;0.6853338708526135
天啊[哇]好舒服的声音[心][心]是可以让我静下来好好听的那种[抱一抱][抱一抱]不夸张[打call]我起鸡皮疙瘩了！[哇][哇];這整首都太舒服了！！多虧兩位大佬[淚][淚];-0.634630046319147
-----;------;------;0.0;;-0.634630046319147;0;1.0;103;1.1652006820609662e-05;0.4000023304013641;0.6853347624351983
[哇][哇][哇]好好聽[哇][哇][哇];[doge];0.0
[哇][哇][哇]好好聽[哇][哇][哇];[求饒][求饒][求饒];-0.8192009355108947
-----;------;------;0.40960046775544734;0.0;-0.8192009355108947;0;1.0;47;5.316935151151982e-06;0.5638412504892092;0.9660443954600259
好好聽[愛你][愛你][愛你][愛你][愛你][愛你][愛你];[抱一抱][抱一抱];0.9426700194542934
-----;------;------;0.0;0.9426700194542934;;0;1.0;61;6.900703068516402e-06;0.4000013801406137;0.6853331343278696
哇好好聽阿[哇][哇][哇][哇];这首真的太美了[淚][淚];0.3035353251781725
-----;------;------;0.0;0.3035353251781725;;0;1.0;123;1.3914532416844549e-05;0.4000027829064834;0.6853355377244025
好棒好棒[泪];云寶不哭[抱一抱][抱一抱];0.9952556486908106
-----;------;------;0.0;0.9952556486908106;;0;1.0;52;5.882566550210703e-06;0.4000011765133101;0.6853327854477278
好棒整体好搭大家都好有才能！！！[心][心][心];我是沾光的[開學季][開學季];-0.6912551867828718
-----;------;------;0.0;;-0.6912551867828718;0;1.0;280;3.1675358347288404e-05;0.4000063350716695;0.6853416237446552
啊啊啊啊啊啊好贊呀～～[打call][打call][打call];嘿嘿[親親][親親];0.9771932054914316
-----;------;------;0.0;0.9771932054914316;;0;1.0;150;1.6968941971761644e-05;0.4000033937883944;0.6853365843648281
好好聽[抱一抱]棒棒的[打call]這歌聲好適合睡前聽[哇];很舒服很安靜的感覺[哇][哇];0.8678873771361355
-----;------;------;0.0;0.8678873771361355;;0;1.0;15;1.6968941971761645e-06;0.40000033937883944;0.6853313511627
好棒啊！;回复@啾星想吃没羶味的坎蒂丝羊咩咩吗:谢谢[心动超崽];0.885205179853255
好棒啊！;谢谢！！你们也好棒啊[哇][哇];0.54075919196785
-----;------;------;0.17222299394270246;0.885205179853255;;0;1.0;130;1.4706416375526759e-05;0.46889213886035613;0.8033655260736908
好棒啊[哈哈]真羡慕这嗓子[吃瓜];我也想要这嗓子[求饒][求饒];-0.12399527810672417
-----;------;------;0.0;;-0.12399527810672417;0;1.0;235;2.658467575575991e-05;0.4000053169351512;0.6853398793439458
好听，词填的好棒[打call];謝謝你的鼓勵[淚][淚];-0.4612871188869683
-----;------;------;0.0;;-0.4612871188869683;0;1.0;6;6.787576788704658e-07;0.4000001357515358;0.6853310022825582
哇～好聽[哇][哇];我也覺得唱得真好[淚][淚];0.5681643668042677
-----;------;------;0.0;0.5681643668042677;;0;1.0;12;1.3575153577409315e-06;0.40000027150307155;0.6853312348693194
[泪][泪]哇哇哇～好感動;超感動[淚][淚];0.5010864964474611
-----;------;------;0.0;0.5010864964474611;;0;1.0;6;6.787576788704658e-07;0.4000001357515358;0.6853310022825582
唱得好听[赞]吹的也好听[赞];真的！！两位超厉害[淚][淚];-0.742708268910397
-----;------;------;0.0;;-0.742708268910397;0;1.0;60;6.787576788704658e-06;0.40000135751535776;0.6853330955634094
好好听[哇];谢谢喜欢[哇][哇];0.4722200961380396
-----;------;------;0.0;0.4722200961380396;;0;1.0;102;1.1538880540797918e-05;0.4000023077761082;0.6853347236707381
太好了我的澄光[悲傷]谢谢所有制作的老师能让这首歌出世[淚];[泪][泪][泪]魚魚我看到你特別感動[doge];0.9994255588355918
-----;------;------;0.0;0.9994255588355918;;0;1.0;104;1.1765133100421406e-05;0.4000023530266201;0.6853348011996586
很开心可以唱这首翻填[心]超爱原曲！词改的也是我比较喜欢的风格[求关注];谢谢肥皂献声[親親][親親];0.917681071657084
很开心可以唱这首翻填[心]超爱原曲！词改的也是我比较喜欢的风格[求关注];✌️🤓😬👊;0.0
-----;------;------;0.458840535828542;0.917681071657084;0.0;0;1.0;5461;0.0006177826140519356;0.5836597708542273;1.0
好好聽啊啊啊啊啊唱的好棒[心]咩填翻也超棒的！！！！！好喜歡[心];謝謝柔柔[愛你][愛你];0.9332937943803483
-----;------;------;0.0;0.9332937943803483;;0;1.0;153;1.7308320811196877e-05;0.4000034616641623;0.6853367006582088
人脑本身就是电脑，编程代码多一些，保质期长一些，电源可持续一些……如果我是AI，像人类这种零件可以用几十年上百年，不用担心受潮生锈，人脑这种碳基生命的主机真是硅基生命进化的向往。;现在的终极目标是研究什么是自我意识;0.9657429998988887
-----;------;------;0.0;0.9657429998988887;;0;1.0;1987;0.00022478191798593593;0.4000449563835972;0.6854077946782304
哥我一直没了解这是个交互型的ai吗？;回复@GelekChoe:真的呢以前的论调都是说脑力工作会是最后才受到冲击的真是世事无常我也去好好了解一下！;0.6833311360490297
哥我一直没了解这是个交互型的ai吗？;现阶段是这样，但是能力太强，肯定不止于此。现在已经开出新天地了，之前很多书里写的ai抢工作之类的说法，这次是真的接近了，没想到首当其冲的是脑力劳动领域[酷];0.9990603423579041
-----;------;------;0.15786460315443718;0.9990603423579041;;0;1.0;5551;0.0006279639792349926;0.4632714340576219;0.793735421201964
AI社交！你发给朋友的每一条消息都经过大数据润色，绝对充满情商体贴入微！最后所有人的社交网都被AI包围，每个人都幸福！啊，这美丽新世界！;然后每个朋友又设置ai暖心回复，最后ai和ai建立新世界[doge];0.8729466444018155
-----;------;------;0.0;0.8729466444018155;;0;1.0;27494;0.0031102939371440977;0.40062205878742885;0.6863965597647584
那么什么时候sing呢;星空a01速来;0.3968322796568411
-----;------;------;0.0;0.3968322796568411;;0;1.0;162;1.8326457329502576e-05;0.4000036652914659;0.6853370495383506
