微观集群密度;一级评论平均情绪值;微观集群信任度值;微观集群群体情绪;群体情绪指数2
0.1615776081424936;0.8532333366877105;0.1653543307086614;0.14076358476662681
0.1246819338422391;0.2305521762162434;0.1259842519685039;0.0290159182325005
0.0267175572519083;-0.180662078383171;0.0236220472440944;-0.004323532277950308
0.0216284987277353;0.4119304198747481;0.0196850393700787;0.008188923535888366
0.0063613231552162;-0.2018976735896898;0.0026246719160104;-0.0006053572729998617
0.005089058524173;-0.4183309542394129;0.0026246719160104;-0.001201074427330768
0.005089058524173;0.0693716014114937;0.0039370078740157;0.00028110850084098584
0.0038167938931297;0.9998053687384888;0.0026246719160104;0.0027433500680958357
0.0025445292620865;0.3432834289507684;0.0013123359580052;0.0004928023418549372
0.0038167938931297;-0.9833488493132734;0.0013123359580052;-0.001536759637082663
0.0038167938931297;0.0337655176544305;0.0013123359580052;5.276813482089103e-05
0.0063613231552162;0.0084973646127411;0.0;5.405448226934469e-06
--------;--------;--------;--------;0.14499809233268923
0.8358778625954199;0.2418653419782274;0.8307086614173228;0.20104465953904577
0.6030534351145038;-0.0304915272567048;0.5879265091863517;-0.01797290148721979
0.8244274809160306;0.2626520601075855;0.7808398950131233;0.20623404396263914
0.4529262086513995;-0.12631018512398;0.4540682414698163;-0.05733901860130137
0.4389312977099237;0.0242929666331775;0.4238845144356955;0.010333965465908744
0.3575063613231552;-0.2542326653463031;0.358267716535433;-0.09106400034584765
0.1793893129770992;-0.4251514977231607;0.1811023622047244;-0.07692310998806107
0.3333333333333333;0.3417927509339087;0.1797900262467191;0.06669892659300815
0.0826972010178117;0.5879345480245068;0.0498687664041994;0.031249667723083307
0.1005089058524173;-0.4474807596148595;0.0918635170603674;-0.041494020909449036
0.0750636132315521;0.2079026286163702;0.0708661417322834;0.014820523681865995
0.0318066157760814;0.1447833392147821;0.0275590551181102;0.004051589627162067
0.0534351145038167;0.3864112336995617;0.0472440944881889;0.01849487680440948
0.0330788804071246;-0.0524655636156183;0.0328083989501312;-0.0017227302384535664
0.0063613231552162;0.3877823643836533;0.0039370078740157;0.0016207128931584036
0.005089058524173;0.5002227799919463;0.0039370078740157;0.0020270092214816375
0.0063613231552162;0.1113049428232485;0.0039370078740157;0.0004651922636879516
0.0127226463104325;0.4758199289299785;0.0118110236220472;0.005663297244712641
0.0076335877862595;-0.0393668329502816;0.0065616797900262;-0.000262532314469779
0.0190839694656488;0.7849737376950622;0.0052493438320209;0.005206578827592047
0.0038167938931297;0.727637849914375;0.0026246719160104;0.0019965539369231266
0.010178117048346;0.9861820198720178;0.0065616797900262;0.00682765716909646
0.0127226463104325;-0.6772826514326858;0.0065616797900262;-0.004861383460074093
0.0063613231552162;-0.3194371087843775;0.0052493438320209;-0.0017123559627188127
0.0038167938931297;0.4313391966549065;0.0026246719160104;0.00118354476932715
0.0038167938931297;-0.9472289087156762;0.0026246719160104;-0.0025990863546834836
0.0063613231552162;0.2118146444011662;0.0039370078740157;0.0008852664707596066
0.0025445292620865;0.9999999999979252;0.0013123359580052;0.0014355552884103516
0.0025445292620865;-0.3774066555914215;0.0013123359580052;-0.0005417881203166534
0.0025445292620865;0.0;0.0013123359580052;0.0
0.005089058524173;-0.1966493813947765;0.0013123359580052;-0.0003323390699575031
0.0025445292620865;0.9998758718343188;0.0013123359580052;0.0014353770955686455
0.0025445292620865;0.9535239261357252;0.0013123359580052;0.001368836314792782
0.0025445292620865;0.281833960943354;0.0013123359580052;0.00040458823308670775
0.0038167938931297;0.8633486868789866;0.0026246719160104;0.002368928746530286
0.0025445292620865;0.9999999262401752;0.0013123359580052;0.0014355551825270235
0.0025445292620865;0.4171846616007222;0.0013123359580052;0.0005988916472058422
0.0025445292620865;0.9882942733752712;0.0013123359580052;0.00141875107065248
0.0012722646310432;0.1938426216457143;0.0;2.4661911150853134e-05
0.0012722646310432;-0.361933938024231;0.0;-4.6047574812241074e-05
--------;--------;--------;--------;0.24385556310280868
0.1997455470737913;0.300841572240879;0.2007874015748031;0.06037385426131144
0.1348600508905852;-0.118577225827043;0.1246719160104986;-0.01490405801611027
0.1297709923664122;-0.146828774955062;0.1141732283464567;-0.016992935309083617
0.0636132315521628;-0.3625087188656188;0.0616797900262467;-0.022429550603371207
0.0292620865139949;0.3944427290165897;0.0288713910761154;0.011403520984041324
0.0674300254452926;-0.9947887905533588;0.0682414698162729;-0.06780512764767277
0.0241730279898218;0.3816829754262904;0.0209973753280839;0.008135549947050898
0.0318066157760814;0.9634938680720307;0.0314960629921259;0.030376185131629107
0.0190839694656488;-0.3755621850034796;0.0170603674540682;-0.006483227717316768
0.010178117048346;-0.747166123660375;0.0091863517060367;-0.006937832141419709
0.0076335877862595;0.6240505468448845;0.0065616797900262;0.004161712338308556
0.0038167938931297;-0.5104975626138961;0.0026246719160104;-0.0014007461521502403
0.0063613231552162;0.822836639860385;0.0052493438320209;0.004410850173201139
0.010178117048346;-0.4166525123904376;0.0091863517060367;-0.003868838670179867
0.0089058524173027;0.9468177004317035;0.0078740157480314;0.0075529536059561675
0.010178117048346;-0.4033737078376483;0.0078740157480314;-0.0032691123163296047
0.0038167938931297;0.0874650190562544;0.0;3.338359505963847e-05
0.0012722646310432;0.926721772268882;0.0;0.00011790353336753696
0.0012722646310432;-0.6250606272947552;0.0;-7.952425283647928e-05
0.0025445292620865;0.7152403295899985;0.0013123359580052;0.0010267670376294157
0.0076335877862595;-0.6398321812858004;0.0013123359580052;-0.0012441288131631381
0.0012722646310432;0.870222875880863;0.0;0.00011071537861079186
0.0012722646310432;0.8724913490680044;0.0;0.00011100398843103885
0.0012722646310432;0.4832037131743234;0.0;6.147629938604348e-05
0.0025445292620865;-0.1328054349961196;0.0013123359580052;-0.00019064954453871225
0.005089058524173;-0.0802695521988805;0.0;-4.0849644884926236e-05
0.0025445292620865;-0.3599469688805639;0.0013123359580052;-0.0005167237747248419
0.0025445292620865;0.9043247636942056;0.0013123359580052;0.0012982081969643519
0.0025445292620865;0.2529252211457138;0.0013123359580052;0.00036308813878884046
0.0025445292620865;-0.2680876493799395;0.0;-6.821568686512418e-05
--------;--------;--------;--------;-0.01392160350969133
0.3587786259541984;0.074298936712792;0.3517060367454068;0.026183933151455837
0.1145038167938931;0.9497993962609492;0.1154855643044619;0.10959487293395104
0.138676844783715;-0.2117942618712581;0.1325459317585302;-0.02820231700071264
0.1106870229007633;-0.4758648942010264;0.1102362204724409;-0.05247899949722503
0.05470737913486;0.1432530984323626;0.0511811023622047;0.007382366501931031
0.0521628498727735;0.1299745606594194;0.0393700787401574;0.005283382168136534
0.0318066157760814;0.7731787699899073;0.0314960629921259;0.02437609852572811
0.0089058524173027;0.2964437522847924;0.0013123359580052;0.0006141388468723676
0.0025445292620865;0.106110364854547;0.0;2.7000092838306974e-05
0.005089058524173;0.9558722565036446;0.0039370078740157;0.003873397925865239
0.0330788804071246;0.2468581998257513;0.0196850393700787;0.005190051331112412
0.0127226463104325;-0.39671307706221;0.0065616797900262;-0.002847517778796974
0.0178117048346055;0.256410256410257;0.0170603674540682;0.004393718254390249
0.005089058524173;0.7384096196905797;0.0026246719160104;0.0021200556691241754
0.005089058524173;0.1018264511842563;0.0013123359580052;0.0001720875389671972
--------;--------;--------;--------;0.0881296274919535
0.3409669211195928;0.6946742447872054;0.3241469816272966;0.2263449975384122
0.1603053435114503;-0.1192251384949215;0.1587926509186351;-0.018950110896137858
0.2391857506361323;0.1788863288200977;0.2139107611548556;0.0387178457660321
0.0623409669211195;0.1914110865430086;0.0564304461942257;0.010914546939580497
0.0737913486005089;-0.5106108250878292;0.0721784776902887;-0.03693746698164456
0.0508905852417302;0.6662617832243558;0.0485564304461942;0.032506809749730296
0.0852417302798982;-0.2847430772934257;0.0774278215223097;-0.02226953181092118
0.044529262086514;-0.2173413079277533;0.0419947506561679;-0.009182279436634334
0.0483460559796437;0.2499608007937692;0.0446194225721784;0.011246257824176778
0.0788804071246819;0.0523018884681884;0.0643044619422572;0.0034394797424357622
0.0241730279898218;-0.2079390996445903;0.0223097112860892;-0.004677806917932831
0.0636132315521628;0.3447746955219949;0.0393700787401574;0.01440964947323997
0.0241730279898218;0.2354625923699047;0.0223097112860892;0.005296976592593386
0.0229007633587786;0.5259826935528895;0.0209973753280839;0.01114437094893267
0.015267175572519;0.2021613735093229;0.0118110236220472;0.0024576028005205506
0.0127226463104325;0.9147294294331132;0.0091863517060367;0.008726501529213494
0.0178117048346055;0.2914233637077127;0.0118110236220472;0.0036168821031183898
0.0114503816793893;0.7606100311669872;0.0052493438320209;0.0044643607347151035
0.0063613231552162;-0.2937084760882944;0.0052493438320209;-0.0015744365526120846
0.0139949109414758;-0.0808958375547494;0.0078740157480314;-0.0006864905931821391
0.0063613231552162;0.0417482948982472;0.0052493438320209;0.0002237934783920546
0.0139949109414758;0.1829985114905009;0.0065616797900262;0.001336804658080107
0.0139949109414758;0.5948699842907434;0.0131233595800524;0.0078585386816954
0.0089058524173027;0.4885717432043299;0.0026246719160104;0.0015892212640343925
0.0038167938931297;0.6259553318265931;0.0026246719160104;0.0017175488908987785
0.0038167938931297;0.6777901130112676;0.0026246719160104;0.00185977752352968
0.015267175572519;0.4725290729899875;0.0104986876640419;0.005186260066596801
0.0254452926208651;0.3312192822955808;0.0131233595800524;0.004754835923239009
0.0127226463104325;0.6326960348490053;0.0091863517060367;0.006035908256563731
0.0139949109414758;0.3458506987672995;0.0052493438320209;0.0021179552819663707
0.0127226463104325;0.5802782868643417;0.0104986876640419;0.006221211983352498
0.010178117048346;0.9722559526172322;0.0065616797900262;0.006731242500187981
0.0038167938931297;0.1480856777945769;0.0013123359580052;0.0002314255949184873
0.010178117048346;0.4282957403083399;0.0039370078740157;0.0019535077494178144
0.0076335877862595;0.8995653343308988;0.0052493438320209;0.004936606060251829
0.0025445292620865;0.7344014285019311;0.0013123359580052;0.0010542738545042513
0.0038167938931297;-0.5469161435268368;0.0013123359580052;-0.0008547105687141486
0.0025445292620865;-0.3136720785180282;0.0013123359580052;-0.0004502936111441567
0.015267175572519;0.6952512948993287;0.0013123359580052;0.0018826153053563834
0.0025445292620865;-0.3241964334721516;0.0;-8.24927311633969e-05
0.0012722646310432;0.0524655636156166;0.0;6.675008093589599e-06
0.0012722646310432;-0.9343048788120716;0.0;-0.0001188683051923702
0.0012722646310432;-0.7811074787291208;0.0;-9.93775418230389e-05
0.0012722646310432;0.9999999981088036;0.0;0.00012722646286370977
0.0012722646310432;0.9891950270932768;0.0;0.0001258517846174596
0.0038167938931297;0.1866866405748332;0.0;7.125444296749227e-05
0.0012722646310432;0.9998362958644048;0.0;0.00012720563560615267
0.005089058524173;0.2062593097381404;0.0;0.00010496656984129225
0.0063613231552162;-0.1155515951855954;0.0;-7.350610380762967e-05
0.0012722646310432;-0.6705903076680437;0.0;-8.531683303664297e-05
--------;--------;--------;--------;0.27810796745164224
0.1119592875318066;0.4748212231383806;0.0866141732283464;0.04232968749081812
0.0725190839694656;0.0213223160170397;0.0603674540682414;0.0013130840220747732
0.0954198473282442;-0.0748581215448966;0.0524934383202099;-0.004250899220384742
0.0229007633587786;0.8871377214408297;0.0196850393700787;0.017748619978456427
0.0063613231552162;0.5066219745871232;0.0052493438320209;0.00271576825350689
0.0305343511450381;0.4362595169342635;0.0131233595800524;0.00648476158789702
0.010178117048346;-0.3599748171206847;0.0091863517060367;-0.0033425563301592936
0.0139949109414758;-0.2864741251443638;0.0091863517060367;-0.002769404848273025
0.0178117048346055;0.3566527305879182;0.0091863517060367;0.003583962994657881
0.0407124681933842;0.2044570908325556;0.0052493438320209;0.0017983342925505597
0.0025445292620865;0.4333523006220188;0.0013123359580052;0.0006221011869040223
0.0038167938931297;0.996293405682374;0.0026246719160104;0.002733713648458183
0.0012722646310432;-0.2222046962342927;0.0;-2.8270317587058874e-05
0.0012722646310432;0.0;0.0;0.0
0.0012722646310432;-0.3807202691690932;0.0;-4.843769327850842e-05
0.0012722646310432;0.7154317992034409;0.0;9.102185740501386e-05
--------;--------;--------;--------;0.0575244345288951
0.0025445292620865;0.907333248024862;0.0013123359580052;0.0013025270425553344
--------;--------;--------;--------;0.0010861918892368912
0.0025445292620865;-0.7268881311860516;0.0013123359580052;-0.0010434881008090189
--------;--------;--------;--------;-0.0008701764144492325
0.094147582697201;0.4922885585126049;0.0931758530183727;0.04591724351088247
0.0216284987277353;0.5152438695906429;0.0209973753280839;0.010851287161551603
0.010178117048346;0.7891566197176985;0.0091863517060367;0.007327736078382833
--------;--------;--------;--------;0.053450594728933536
0.1310432569974554;-0.4231516999577955;0.1246719160104986;-0.05302473757380215
0.0267175572519083;0.382752600715436;0.0262467191601049;0.010064021469193178
0.0165394402035623;0.953005407799989;0.0157480314960629;0.015083380855755188
0.0178117048346055;0.9777134478167422;0.0131233595800524;0.013289270962290343
0.0127226463104325;0.2679774804161589;0.0104986876640419;0.0028730089513471055
0.0076335877862595;-0.292108282123303;0.0065616797900262;-0.001948032331645143
0.005089058524173;0.265632174980396;0.0039370078740157;0.0010763981364786215
0.005089058524173;0.5051546391752577;0.0039370078740157;0.0020469941650777326
0.0038167938931297;-0.7788727970107601;0.0026246719160104;-0.002137136694328302
0.0038167938931297;-0.2786149522972284;0.0013123359580052;-0.0004354143631500691
0.0012722646310432;-0.259024271487891;0.0;-3.295474191957753e-05
0.0012722646310432;0.0;0.0;0.0
0.0012722646310432;-0.1917034918692326;0.0;-2.4389757235270232e-05
0.0038167938931297;0.021887392868702;0.0;8.353966743779235e-06
--------;--------;--------;--------;-0.010975302904277211
0.1234096692111959;0.0121011734006863;0.1207349081364829;0.0014642708336325616
0.015267175572519;0.0524655636156166;0.0144356955380577;0.0007617393094519534
0.0165394402035623;-0.6189630297103235;0.0131233595800524;-0.008334317166893474
0.0076335877862595;-0.0361108035186417;0.0065616797900262;-0.0002408182755540824
0.0089058524173027;-0.4075434792584025;0.0065616797900262;-0.0027697050382570793
0.0063613231552162;0.0447913311195242;0.0039370078740157;0.00018720265415504865
0.0012722646310432;0.2301317688117012;0.0;2.9278850993853805e-05
--------;--------;--------;--------;-0.0074237683987101975
0.0572519083969465;-0.0463158629454911;0.0538057742782152;-0.0025080219346993397
0.0636132315521628;0.6469071252573928;0.0433070866141732;0.029329281889537182
0.1030534351145038;0.4896302241902252;0.0328083989501312;0.019503393013816313
0.0636132315521628;0.3822414460674064;0.0223097112860892;0.010106488034758913
0.0241730279898218;0.1592244846622965;0.0157480314960629;0.002641618771906271
0.005089058524173;0.293054782846974;0.0013123359580052;0.0004952649903456467
--------;--------;--------;--------;0.04967444302069365
0.0178117048346055;-0.5209259186561113;0.0039370078740157;-0.002773658369555012
0.0012722646310432;-0.529508452327258;0.0;-6.736748757343948e-05
0.0076335877862595;-0.0536256666525234;0.0;-4.0935623398872603e-05
--------;--------;--------;--------;-0.002403299956905837
0.1106870229007633;-0.056144075879486;0.1036745406824147;-0.005860082212221401
0.0559796437659033;0.0794765280541966;0.0472440944881889;0.0038242237137095683
0.0381679389312977;0.6645190185077263;0.0354330708661417;0.023727686658923754
0.0127226463104325;0.5250681906077426;0.0104986876640419;0.005629299929758984
0.0178117048346055;0.0235337377439353;0.0091863517060367;0.00023648787172107734
0.0063613231552162;3.468233933201503e-05;0.0039370078740157;1.4495273556246612e-07
0.0038167938931297;-0.515933586382572;0.0026246719160104;-0.0014156619714109269
0.0025445292620865;-0.2516570566929215;0.0;-6.403487447657e-05
0.0012722646310432;-0.9728713576419704;0.0;-0.00012377498188828587
0.005089058524173;-0.0753701714786528;0.0;-3.835632136318187e-05
--------;--------;--------;--------;0.02161158659451512
--------;--------;--------;--------;0.0
0.0356234096692111;-0.0437618338263899;0.0328083989501312;-0.0014480747060963343
0.0089058524173027;0.9668900446251194;0.0078740157480314;0.00771307469831273
0.0063613231552162;0.0524655636156166;0.0052493438320209;0.00028124384495117243
0.0063613231552162;-0.179787190296854;0.0039370078740157;-0.0007514096671259498
--------;--------;--------;--------;0.00483237711719494
0.0012722646310432;-0.1576862341210527;0.0;-2.0061861847461277e-05
--------;--------;--------;--------;-1.672981128971665e-05
0.9249363867684478;0.1330772320176912;0.8963254593175853;0.11966125741603192
1.0;0.5067593845901964;1.0;0.5067593845901964
0.5114503816793893;0.311717269850867;0.5183727034120735;0.16136994314967062
0.2684478371501272;0.4907105254329955;0.2716535433070866;0.1331459455966889
0.3206106870229007;0.4734891544785825;0.2900262467191601;0.13877242241361376
0.1055979643765903;-0.6644562197901855;0.1076115485564304;-0.07136936890633716
0.0877862595419847;0.4999999999999998;0.0892388451443569;0.04454679329205982
0.0699745547073791;0.4600730858076947;0.0695538057742782;0.03201919157824143
0.0712468193384223;0.6758351533048839;0.0669291338582677;0.0455248658045057
0.0661577608142493;0.1316104951792313;0.0564304461942257;0.00755486063619756
0.0521628498727735;0.3847572240771206;0.0524934383202099;0.020184509981012747
0.044529262086514;0.0477491133347602;0.0433070866141732;0.002073710766452809
0.0776081424936386;0.057166457160497;0.0603674540682414;0.0035495523845091867
0.0343511450381679;0.6479709071305682;0.0341207349081364;0.022124173456483643
0.010178117048346;0.841171775737281;0.0091863517060367;0.007810724278524592
0.0279898218829516;-0.7012367631207164;0.0275590551181102;-0.019355629554872748
0.0203562340966921;-0.1799283320892424;0.0118110236220472;-0.0022788903273870333
0.0356234096692111;0.5265483135804947;0.0236220472440944;0.013070078854258031
0.0178117048346055;-0.6269315655972358;0.0170603674540682;-0.010742786589670303
0.0076335877862595;0.9130667526780024;0.0065616797900262;0.006089124013321132
0.0394402035623409;0.0279973186843741;0.0183727034120734;0.0005733697840803203
0.015267175572519;0.9037862863118344;0.0144356955380577;0.01312193168591831
0.015267175572519;-0.2668137089159099;0.0144356955380577;-0.003873826494478441
0.0114503816793893;0.7085432587801174;0.0078740157480314;0.005832481774955584
0.0178117048346055;0.8782615668853078;0.0170603674540682;0.015049452126358066
0.015267175572519;0.3687714710500392;0.0131233595800524;0.0049185784351748
0.010178117048346;-0.3968126214635613;0.0052493438320209;-0.0022785858290047247
0.0127226463104325;-0.8253038668613817;0.0118110236220472;-0.009822920039850972
0.0127226463104325;-0.3462033462033467;0.0118110236220472;-0.004120576582558901
0.010178117048346;0.9921224426076464;0.0078740157480314;0.008040582798076344
0.0165394402035623;-0.102526452933719;0.0118110236220472;-0.001259421135494438
0.0114503816793893;0.8547710406743512;0.0104986876640419;0.009055322228698273
0.015267175572519;-0.4245282765766247;0.0144356955380577;-0.006163659626560279
0.005089058524173;0.8304782135719178;0.0039370078740157;0.003365274562619833
0.0229007633587786;0.1355678345231293;0.0052493438320209;0.0009509386481246009
0.0038167938931297;0.4987385534059986;0.0013123359580052;0.0007794195100412056
0.0038167938931297;-0.1781354599971756;0.0013123359580052;-0.00027838684618178836
0.0025445292620865;0.2284723768251422;0.0013123359580052;0.0003279847288076961
0.0025445292620865;0.9218044213564264;0.0013123359580052;0.0013233012119610076
0.010178117048346;0.0777115618932778;0.0013123359580052;0.00017088104661872223
0.0025445292620865;0.6799999999999997;0.0013123359580052;0.0009761775961210641
0.0063613231552162;0.565584697775176;0.0026246719160104;0.001695813548557479
0.0012722646310432;-0.1502553080418349;0.0;-1.9116451404812744e-05
0.0012722646310432;-0.986167371962788;0.0;-0.00012546658676370787
0.0012722646310432;-0.0898556109006554;0.0;-1.1432011564968369e-05
0.0025445292620865;0.2375332841894265;0.0;6.044103923395043e-05
0.0025445292620865;0.6307294145108403;0.0;0.00016049094516815186
0.0012722646310432;0.9280301898898008;0.0;0.00011806999871370983
0.0076335877862595;0.1058594851819883;0.0;8.080876731449444e-05
0.0012722646310432;0.968415876856176;0.0;0.00012320812682647999
0.0012722646310432;-0.781054683063038;0.0;-9.937082481717596e-05
0.0012722646310432;-0.1216850233909598;0.0;-1.5481555138798262e-05
0.0025445292620865;0.009043148133361;0.0;2.3010555046719976e-06
--------;--------;--------;--------;1.0
0.015267175572519;0.1577157738673786;0.0144356955380577;0.002289850644807668
0.0012722646310432;0.8956256043953672;0.0;0.0001139472779128915
0.0025445292620865;0.0345230426027679;0.0;8.784489211900181e-06
--------;--------;--------;--------;0.0020118794945059946
0.0139949109414758;0.6445168295123249;0.0104986876640419;0.006991918361472331
0.0038167938931297;0.7515368071871766;0.0026246719160104;0.002062129906118496
0.005089058524173;-0.7068509160353822;0.0039370078740157;-0.0028643104279247947
0.0089058524173027;-0.3401103604931511;0.0065616797900262;-0.0023114230185585535
0.0038167938931297;0.6676822984747934;0.0026246719160104;0.001832042851798597
0.0012722646310432;0.1576592587888821;0.0;2.0058429871358148e-05
0.0025445292620865;0.8532961280964662;0.0013123359580052;0.0012249537692715004
0.0114503816793893;-0.2251571198631043;0.0013123359580052;-0.0005237471021639697
0.0025445292620865;0.930614107826323;0.0013123359580052;0.0013359480039621312
0.0025445292620865;0.8701702967310565;0.0013123359580052;0.001249177571292465
0.0025445292620865;-0.1732621749482576;0.0013123359580052;-0.0002487274315289668
0.0012722646310432;0.0;0.0;0.0
0.0012722646310432;-0.0896607644446192;0.0;-1.1407221939518473e-05
--------;--------;--------;--------;0.007302238232546922
0.0025445292620865;0.0825825199462375;0.0;2.1013363854004337e-05
0.0012722646310432;-0.3191475795699927;0.0;-4.0604017756994706e-05
--------;--------;--------;--------;-1.6336865707240158e-05
0.3702290076335878;0.2159374285410851;0.3753280839895013;0.08093727317232227
0.1513994910941475;0.0223240615408937;0.1443569553805774;0.003238355355839424
0.1081424936386768;0.6364504963614778;0.1076115485564304;0.06852321551908104
0.044529262086514;-0.2645902906589502;0.0406824146981627;-0.010865955776555266
0.0979643765903307;-0.2024981100470989;0.0971128608923884;-0.019682413823926347
0.0928753180661577;-0.0866762151088278;0.0839895013123359;-0.00735691097906839
0.0305343511450381;-0.4782569127280714;0.0262467191601049;-0.012757733838355318
0.0674300254452926;0.5865794010714637;0.0603674540682414;0.03582458094039565
0.0470737913486005;-0.1570282695899567;0.0472440944881889;-0.007415984165093183
0.0394402035623409;0.5470935772346776;0.0314960629921259;0.017665912599432308
0.0127226463104325;0.1990794016368779;0.0104986876640419;0.002134346893788793
0.015267175572519;-0.2707554145928921;0.0144356955380577;-0.003931055502489203
0.0267175572519083;-0.1607946000283607;0.0209973753280839;-0.0034682420039777004
0.0076335877862595;0.4031450077447309;0.0052493438320209;0.002212366364554506
0.0076335877862595;-0.2190680124582883;0.0039370078740157;-0.0009434527314200989
0.0038167938931297;0.5294117647058829;0.0026246719160104;0.0014526445307941763
0.0038167938931297;0.5659340883126884;0.0026246719160104;0.0015528575543351162
0.005089058524173;-0.1342372874882089;0.0039370078740157;-0.000543958073260202
0.005089058524173;-0.4254931038869469;0.0039370078740157;-0.0017241886610393307
0.0076335877862595;0.5929633359994062;0.0065616797900262;0.003954395752186913
0.0025445292620865;-0.854267038076689;0.0013123359580052;-0.0012263475642281824
0.0025445292620865;-0.8548356614355102;0.0013123359580052;-0.0012271638544980536
0.0025445292620865;0.0;0.0013123359580052;0.0
0.005089058524173;0.2896435196832727;0.0013123359580052;0.000489499927576754
0.0025445292620865;-0.4199047401400297;0.0013123359580052;-0.0006027964703378448
0.0076335877862595;0.372464291951178;0.0052493438320209;0.0020439977072273835
0.0038167938931297;0.1532549511876489;0.0013123359580052;0.0002395040410457859
0.0063613231552162;0.0099248367261621;0.0026246719160104;2.975800557131915e-05
0.0038167938931297;0.6240853800641436;0.0013123359580052;0.0009753092433532007
0.0038167938931297;0.2635707411365349;0.0026246719160104;0.0007232075694465588
0.010178117048346;-0.4134867301697758;0.0013123359580052;-0.000909221787504395
0.0076335877862595;0.9376337070518528;0.0065616797900262;0.006252957852822164
0.0025445292620865;0.9706847202284992;0.0013123359580052;0.0013934715835060357
0.0038167938931297;-0.3672466453567389;0.0026246719160104;-0.0010076822360121744
0.0076335877862595;-0.4259423681237639;0.0026246719160104;-0.0013313099202040672
0.0038167938931297;0.9181789827103686;0.0026246719160104;0.0025193767242127105
0.0038167938931297;-0.3477103953377269;0.0026246719160104;-0.0009540770299432999
0.0038167938931297;0.0931920327011757;0.0013123359580052;0.0001456388080922335
0.005089058524173;0.7342901288197288;0.0013123359580052;0.0012409563496211737
0.005089058524173;0.4241679530246517;0.0026246719160104;0.0012178330962799916
0.0012722646310432;-0.6905404709705709;0.0;-8.78550217519771e-05
0.0025445292620865;-0.6746940320849284;0.0;-0.00017167787075952283
0.0012722646310432;0.7749678328999563;0.0;9.859641639948113e-05
0.0038167938931297;-0.6049841281170846;0.0;-0.00023090997256376846
0.0012722646310432;-0.516046991025761;0.0;-6.565483346383434e-05
0.0012722646310432;0.3788143707207068;0.0;4.81952125598842e-05
0.0038167938931297;0.6710896757951218;0.0;0.00025614109763172116
0.0012722646310432;0.4569694485950888;0.0;5.8138606691484524e-05
0.0012722646310432;-0.0634328358208955;0.0;-8.070335346169549e-06
0.0012722646310432;0.9810658962496704;0.0;0.00012481754405211534
0.0012722646310432;-0.5865480363433357;0.0;-7.462443210474675e-05
0.0012722646310432;0.2367943071460663;0.0;3.0126502181432024e-05
0.0012722646310432;-0.56490392176974;0.0;-7.18707279605235e-05
0.0038167938931297;0.4010370923613837;0.0;0.0001530675925043421
0.0063613231552162;0.2915257408273729;0.0;0.0001854489445466724
0.0012722646310432;-0.6621310311698982;0.0;-8.424058920736242e-05
0.0038167938931297;0.0529905027601553;0.0;2.022538273288333e-05
0.0063613231552162;-0.1249015215019917;0.0;-7.945389408523539e-05
0.0025445292620865;0.3232519511975148;0.0;8.225240488486336e-05
0.0038167938931297;-0.5515403319834131;0.0;-0.00021051157709290187
0.0025445292620865;-0.1605862948582233;0.0;-4.0861652635679996e-05
0.005089058524173;-0.2228753592884355;0.0;-0.00011342257470149326
0.0063613231552162;-0.8456116395635206;0.0;-0.0005379208903075758
0.0012722646310432;0.9735549609361877;0.0;0.00012386195431757558
0.0025445292620865;0.17621374625044;0.0;4.4838103371612987e-05
0.0076335877862595;-0.5220089900584334;0.0;-0.0003984801450827714
0.0025445292620865;0.3518656214482267;0.0;8.953323700972639e-05
0.0038167938931297;0.3352547689723102;0.0;0.00012795983548561223
0.0012722646310432;-0.3667669716442008;0.0;-4.6662464585774096e-05
0.0012722646310432;0.1584641755840761;0.0;2.0160836588303945e-05
0.0012722646310432;0.9971146526681192;0.0;0.00012685937056845732
0.0089058524173027;0.0034425447528356;0.0;3.0658795508713655e-06
0.0012722646310432;0.6329455579085348;0.0;8.052742467029345e-05
0.0025445292620865;-0.6143241217049503;0.0;-0.00015631657040838344
0.010178117048346;-0.461410396817025;0.0;-0.0004696289026127455
0.0025445292620865;0.1172815697635409;0.0;2.9842638616676908e-05
0.0012722646310432;0.9899795722665344;0.0;0.00012595159952499875
--------;--------;--------;--------;0.13159153203565013
0.0127226463104325;-0.4457952556754386;0.0039370078740157;-0.002146759025096483
0.0025445292620865;-0.673279738942856;0.0013123359580052;-0.0009665302898209632
--------;--------;--------;--------;-0.0025962068289016333
--------;--------;--------;--------;0.0
0.0012722646310432;0.9999994381317856;0.0;0.00012722639161981435
0.0012722646310432;0.9191999842078696;0.0;0.00011694656287631406
--------;--------;--------;--------;0.00020361856151899133
0.0012722646310432;0.5784283902495997;0.0;7.35913982505819e-05
--------;--------;--------;--------;6.136869123313285e-05
0.0190839694656488;0.1153392228865638;0.0170603674540682;0.0019910695926561904
0.0190839694656488;-0.7785526329891413;0.0144356955380577;-0.011600841360702505
0.0114503816793893;0.7593627419096758;0.0104986876640419;0.00804458034871547
0.010178117048346;0.3405497833321731;0.0091863517060367;0.0031621846303479164
--------;--------;--------;--------;0.001331750525171482
0.0025445292620865;-0.6948291612415471;0.0013123359580052;-0.0009974656769641014
0.0012722646310432;0.8161963279766713;0.0;0.00010384177200720545
--------;--------;--------;--------;-0.0007452029830322264
0.0394402035623409;0.3828505013028493;0.0328083989501312;0.012814610957034307
0.0267175572519083;0.998062813389274;0.0262467191601049;0.026242866966228073
0.0139949109414758;0.6914965149716955;0.0118110236220472;0.008318296719941587
0.010178117048346;0.8808581162728766;0.0052493438320209;0.005058082108629407
0.0076335877862595;0.9454142770573056;0.0052493438320209;0.005188214431407739
0.0038167938931297;-0.8422628351835576;0.0013123359580052;-0.001316272988806382
0.0025445292620865;-0.3859712692718438;0.0013123359580052;-0.0005540830967788008
--------;--------;--------;--------;0.04649197964544156
0.010178117048346;0.8165692409315932;0.0091863517060367;0.007582276746804212
0.0025445292620865;-0.789493697765568;0.0013123359580052;-0.0011333618529963565
--------;--------;--------;--------;0.00537782235852159
0.015267175572519;0.1506705484247572;0.0144356955380577;0.0021875621188916262
0.0127226463104325;-0.9538904548808228;0.0118110236220472;-0.011353381513533102
0.010178117048346;-0.9180674799074796;0.0091863517060367;-0.008524741511152237
0.0089058524173027;0.6194908673604024;0.0065616797900262;0.004210120057875957
0.0089058524173027;0.8233049064944974;0.0065616797900262;0.005595260048545038
0.0063613231552162;0.8685989298111063;0.0052493438320209;0.004656160839713837
0.0089058524173027;0.2246022426221544;0.0052493438320209;0.0012611403998088132
0.0063613231552162;-0.1431822401610271;0.0039370078740157;-0.0005984214962150605
0.005089058524173;-0.3797286983786159;0.0039370078740157;-0.0015387415448913906
0.0063613231552162;0.0603840703709334;0.0039370078740157;0.00025237156296961693
0.005089058524173;0.840336437288079;0.0039370078740157;0.003405222184318328
0.0038167938931297;0.4543067047612759;0.0026246719160104;0.0012465649499520059
0.005089058524173;-0.4649607823130207;0.0026246719160104;-0.001334953819908512
0.0025445292620865;0.2188003216089789;0.0013123359580052;0.0003140999587923071
0.0025445292620865;0.8685989298111063;0.0013123359580052;0.0012469217872004925
0.0025445292620865;0.1380226135083424;0.0013123359580052;0.00019813909274253008
0.0025445292620865;0.8551016591688303;0.0013123359580052;0.0012275457089508273
0.0025445292620865;-0.1046430829802664;0.0013123359580052;-0.00015022093116819635
0.0025445292620865;0.0;0.0013123359580052;0.0
0.0025445292620865;0.1506705484247572;0.0013123359580052;0.00021629590259929693
0.0025445292620865;-0.9094051694005096;0.0013123359580052;-0.001305501400243322
0.0025445292620865;0.846457779106135;0.0013123359580052;0.0012151369412144145
0.0025445292620865;-0.2508465128578681;0.0;-6.382862922592028e-05
0.0012722646310432;0.0;0.0;0.0
0.0012722646310432;-0.1727526453325385;0.0;-2.197870805757389e-05
--------;--------;--------;--------;0.0019519959870267993
0.688295165394402;0.0518886880365519;0.6955380577427821;0.0360529748776097
0.4033078880407125;0.5893199665073474;0.410761154855643;0.2416305141270724
0.2315521628498727;0.9292486188871708;0.2375328083989501;0.22017128348346196
0.2493638676844783;-0.158587662777404;0.2309711286089238;-0.036920857605355094
0.2302798982188295;-0.0381747842476749;0.2257217847769028;-0.00863428093358057
0.1590330788804071;0.3276658752163963;0.1601049868766404;0.052425817884270295
0.0368956743002544;-0.561246374267675;0.0314960629921259;-0.01798010238495115
0.0343511450381679;0.0894014354920393;0.0314960629921259;0.00284131808718012
0.0241730279898218;-0.2699704498005743;0.0144356955380577;-0.0041600904197796286
0.0063613231552162;0.0;0.0052493438320209;0.0
0.0076335877862595;0.4894705425449167;0.0052493438320209;0.0026861008916481423
0.0063613231552162;0.4760843744223197;0.0039370078740157;0.0019897657932017926
0.0012722646310432;0.3929691104488;0.0;4.999607003165171e-05
0.0012722646310432;-0.2266741290587977;0.0;-2.8838947717402996e-05
--------;--------;--------;--------;0.4087195602494567
0.0203562340966921;0.4194064775188304;0.0196850393700787;0.008284183363626019
0.0127226463104325;0.9007442373879552;0.0118110236220472;0.01072082535353555
0.0063613231552162;0.9686819743646184;0.0052493438320209;0.005192660179945283
0.005089058524173;-0.4048530013344456;0.0039370078740157;-0.0016405505704131492
0.0063613231552162;0.1689589043510723;0.0039370078740157;0.000706153502186557
--------;--------;--------;--------;0.019399502929375333
0.0305343511450381;-0.291849152887486;0.0301837270341207;-0.008819328100870553
0.0089058524173027;0.1235948808891144;0.0052493438320209;0.0006939845999714234
0.0038167938931297;-0.3724693486158081;0.0026246719160104;-0.0010220127285154204
0.0025445292620865;0.5910768720149016;0.0013123359580052;0.000848523529479801
0.0139949109414758;0.1835269084865161;0.0013123359580052;0.00047360833910486353
0.0025445292620865;0.1931330472103007;0.0013123359580052;0.0002772531672901285
0.0038167938931297;-0.1340391373044539;0.0013123359580052;-0.0002094739177685693
0.0025445292620865;-0.6878916762883007;0.0013123359580052;-0.0009875065337511806
0.0025445292620865;0.7956377240148327;0.0013123359580052;0.0011421819423706387
0.005089058524173;-0.0465934144564733;0.0013123359580052;-7.87432531787264e-05
0.0012722646310432;0.1931330472103007;0.0;2.4571634505126214e-05
0.0025445292620865;0.6703076110850595;0.0;0.0001705617331005231
0.0025445292620865;-0.1033625314116625;0.0;-2.6300898578031027e-05
0.0012722646310432;0.9471303612199032;0.0;0.0001205000459567253
0.0012722646310432;0.517772149084091;0.0;6.587431922189158e-05
0.0012722646310432;0.7368421052631582;0.0;9.374581491897268e-05
0.0012722646310432;-0.8436586738029717;0.0;-0.00010733570913523332
0.0012722646310432;0.0524655636156166;0.0;6.675008093589599e-06
0.0025445292620865;0.5163753507978828;0.0;0.00013139321903253941
0.0025445292620865;-0.9239474535293568;0.0;-0.0002351011332135755
0.0038167938931297;0.2179629794112929;0.0;8.319197687453773e-05
0.0012722646310432;0.7810369581734664;0.0;9.936856974216686e-05
0.0012722646310432;0.7368421052631582;0.0;9.374581491897268e-05
0.0012722646310432;0.1421074346651356;0.0;1.807982629327344e-05
0.0012722646310432;0.9979585531306914;0.0;0.0001269667370395225
0.0012722646310432;-0.8850748868206939;0.0;-0.00011260494743265321
0.0012722646310432;0.6294705689247981;0.0;8.008531411256615e-05
0.0012722646310432;0.676020858166168;0.0;8.600774276922872e-05
0.0025445292620865;-0.7471917948286969;0.0;-0.00019012513863325516
0.0038167938931297;0.318834555549861;0.0;0.00012169257845414317
0.0012722646310432;0.1931330472103007;0.0;2.4571634505126214e-05
--------;--------;--------;--------;-0.0058423391828467805
--------;--------;--------;--------;0.0
0.0534351145038167;0.6630675043440913;0.0446194225721784;0.030170229055026525
0.0305343511450381;-0.6020996444751098;0.0288713910761154;-0.017483581069058403
0.0279898218829516;-0.0957923067918424;0.0249343832020997;-0.002417790837310879
0.0076335877862595;0.9999999999707816;0.0065616797900262;0.006668870589454676
0.0305343511450381;0.2750942289180345;0.0052493438320209;0.0021396401527915628
0.005089058524173;0.3833388106097943;0.0039370078740157;0.0015533704883859273
0.0063613231552162;0.5325807430335926;0.0026246719160104;0.001596856568591584
0.0038167938931297;0.9998219283826436;0.0026246719160104;0.002743395505840361
0.0025445292620865;0.4293197482603984;0.0;0.00010924166622401935
0.0012722646310432;-0.5637047269786117;0.0;-7.171815864867512e-05
0.0012722646310432;0.1777737583820089;0.0;2.2617526511704956e-05
--------;--------;--------;--------;0.020873740899183372
0.0063613231552162;0.0;0.0052493438320209;0.0
0.0063613231552162;0.8453086493887243;0.0052493438320209;0.004531312318806459
0.0089058524173027;0.1546108096912539;0.0039370078740157;0.0006855276829691667
--------;--------;--------;--------;0.004350381306677959
0.0038167938931297;0.6652841235925202;0.0026246719160104;0.0018254625378371996
0.0025445292620865;0.0;0.0013123359580052;0.0
0.005089058524173;-0.3648867266990142;0.0013123359580052;-0.0006166615655278594
--------;--------;--------;--------;0.0010080326695161834
0.0038167938931297;0.0402443548378329;0.0013123359580052;6.289314334216633e-05
--------;--------;--------;--------;5.244729664334175e-05
--------;--------;--------;--------;0.0
0.005089058524173;-0.2961444288699992;0.0039370078740157;-0.0012000402864890838
--------;--------;--------;--------;-0.001000727035490001
0.0190839694656488;0.9905173296161904;0.0183727034120734;0.01826893325676063
0.015267175572519;0.7606481843815289;0.0144356955380577;0.011043731979164377
0.010178117048346;0.5421869196701355;0.0078740157480314;0.004394113702521836
0.0216284987277353;0.70472162825674;0.0065616797900262;0.005685948983169792
0.0063613231552162;0.9748578309447764;0.0039370078740157;0.004074359230131191
0.0025445292620865;0.181467181467182;0.0013123359580052;0.00026050617202867454
0.0025445292620865;0.2946325400973002;0.0013123359580052;0.0004229613010753319
0.0025445292620865;0.1364455337225998;0.0013123359580052;0.00019587510751585752
0.0038167938931297;0.0105339940274608;0.0013123359580052;1.6462333636711658e-05
0.0025445292620865;0.0900236827372042;0.0013123359580052;0.0001292339738358373
0.0012722646310432;0.6217763517059807;0.0;7.910640606945964e-05
0.0012722646310432;-0.0524655636156183;0.0;-6.675008093589815e-06
0.0012722646310432;-0.0524655636156183;0.0;-6.675008093589815e-06
--------;--------;--------;--------;0.037157317211461656
--------;--------;--------;--------;0.0
0.0038167938931297;0.0756126123794276;0.0013123359580052;0.00011816601081114701
--------;--------;--------;--------;9.85399598880835e-05
0.0165394402035623;0.6386749162945121;0.0144356955380577;0.009354077534236682
0.0127226463104325;0.668557516458295;0.0091863517060367;0.00637802611571829
0.005089058524173;0.8217168754644415;0.0039370078740157;0.0033297717549774885
0.0063613231552162;0.6632963918472609;0.0039370078740157;0.0027722070753809164
0.0063613231552162;0.3535953940837952;0.0039370078740157;0.0014778305224475321
0.0012722646310432;0.0524655636156166;0.0;6.675008093589599e-06
0.0012722646310432;-0.8008555604804395;0.0;-0.00010189002041735416
0.0012722646310432;0.0524655636156166;0.0;6.675008093589599e-06
0.0025445292620865;-0.4506475618993175;0.0;-0.00011466859081407507
0.0012722646310432;0.5315320121777682;0.0;6.76249379360998e-05
0.0012722646310432;0.1902234973512808;0.0;2.420146276733744e-05
0.0012722646310432;0.1865726738021722;0.0;2.3736981399766396e-05
0.0025445292620865;-0.0568110165177014;0.0;-1.445572939381707e-05
0.0076335877862595;0.0649820918413935;0.0;4.960465026060546e-05
--------;--------;--------;--------;0.019396288103135918
0.5623409669211196;-0.4966632353368691;0.5761154855643045;-0.28545125128858556
0.2951653944020356;0.9590083804592232;0.3031496062992126;0.28995732036178357
0.2824427480916031;0.4713320037781843;0.2874015748031496;0.13522783476794004
0.2340966921119593;0.1240956347167687;0.2401574803149606;0.029727283215771384
0.1653944020356234;-0.4942470717990485;0.1666666666666666;-0.08231163065966338
0.0916030534351145;0.7726113196604281;0.0931758530183727;0.07186720248485276
0.044529262086514;0.504768032001174;0.0446194225721784;0.022517907107695943
0.0356234096692111;0.0524655636156166;0.0354330708661417;0.001860014656882304
0.0330788804071246;0.4487495435181272;0.0328083989501312;0.01473489189546757
0.0127226463104325;0.2490990624488966;0.0118110236220472;0.0029648233465121208
0.0025445292620865;-0.0252100840336135;0.0013123359580052;-3.619046945579832e-05
--------;--------;--------;--------;0.167664689373682
0.0038167938931297;0.6267465891011557;0.0026246719160104;0.001719720009164318
0.0025445292620865;0.7580977870244123;0.0013123359580052;0.0010882912872973375
0.0025445292620865;-0.329874151960511;0.0013123359580052;-0.0004735525833577741
--------;--------;--------;--------;0.0019467312670585922
--------;--------;--------;--------;0.0
--------;--------;--------;--------;0.0
0.0025445292620865;0.5628954082125628;0.0013123359580052;0.0008080674800831247
0.0012722646310432;-0.5135968531911803;0.0;-6.534311109302256e-05
--------;--------;--------;--------;0.00061936616989767
0.0012722646310432;-0.1515071697736605;0.0;-1.9275721345248562e-05
--------;--------;--------;--------;-1.6074239920059045e-05
0.0127226463104325;0.967667214417671;0.0118110236220472;0.011517355066514702
0.0305343511450381;0.2205605420428619;0.0223097112860892;0.005102045116619298
0.0114503816793893;-0.2115203514532238;0.0091863517060367;-0.0019909891830002225
0.0038167938931297;-0.5398245106833841;0.0013123359580052;-0.0008436278943179375
0.0025445292620865;0.8534244043097245;0.0013123359580052;0.001225137916867821
0.0012722646310432;-0.6948291612415471;0.0;-8.840065664650332e-05
0.010178117048346;-0.2320856397008431;0.0;-0.0002362194806115438
--------;--------;--------;--------;0.012246236885385049
0.2493638676844783;0.0491523245236944;0.2559055118110236;0.012546197062434896
0.1055979643765903;0.8309505740010654;0.1076115485564304;0.08925255914910561
0.1017811704834605;-0.6546403938642842;0.0984251968503937;-0.06465280522240635
0.0279898218829516;0.6760395155501534;0.0262467191601049;0.017861659937808992
0.0114503816793893;-0.1089075980376668;0.0104986876640419;-0.001153751526966317
--------;--------;--------;--------;0.04490933652294878
--------;--------;--------;--------;0.0
0.0012722646310432;0.2167717840378324;0.0;2.7579107383946907e-05
--------;--------;--------;--------;2.29985265365911e-05
0.0025445292620865;-0.0257409548114322;0.0;-6.549861275173551e-06
0.0012722646310432;0.0179690571489155;0.0;2.2861395863759156e-06
0.0012722646310432;-0.1046430829802664;0.0;-1.331336933591116e-05
--------;--------;--------;--------;-1.4657733070909484e-05
--------;--------;--------;--------;0.0
0.2035623409669211;0.1407735112704708;0.2073490813648294;0.02913595096822525
0.2022900763358778;0.0061132934480703;0.2007874015748031;0.0012283909356794497
0.1641221374045801;-0.3282985379261092;0.1548556430446194;-0.051143098856163575
0.0534351145038167;0.8282963224656212;0.0524934383202099;0.04355812060618927
0.0458015267175572;0.3076923076923081;0.0459317585301837;0.01412884164582188
0.0318066157760814;-0.2961444288699992;0.0314960629921259;-0.009336580434140493
0.0267175572519083;-0.4116340609153518;0.0249343832020997;-0.010337242931443991
0.010178117048346;0.0;0.0091863517060367;0.0
0.005089058524173;-0.0787979871326567;0.0039370078740157;-0.00031930622302858366
0.0038167938931297;0.156199035593533;0.0013123359580052;0.00024410500243022924
--------;--------;--------;--------;0.014309232981807687
0.0750636132315521;0.2692050615722686;0.0708661417322834;0.01919052210576931
0.0356234096692111;-0.8350517507409874;0.0354330708661417;-0.029604342135974803
0.0203562340966921;-0.527653634412398;0.0131233595800524;-0.007306233630710785
0.0038167938931297;0.9904502420955146;0.0026246719160104;0.0027176806847183186
0.0025445292620865;-0.2672136262581419;0.0;-6.799328912420876e-05
--------;--------;--------;--------;-0.012567347218456534
--------;--------;--------;--------;0.0
0.0038167938931297;0.4065530733743487;0.0026246719160104;0.0011155345194168644
0.0012722646310432;-0.7115326184564335;0.0;-9.052577842956764e-05
0.0025445292620865;-0.3845220353954751;0.0;-9.784275709808472e-05
0.0012722646310432;0.6401301881158394;0.0;8.144149976028128e-05
0.0012722646310432;-0.3670736613370535;0.0;-4.6701483630666296e-05
--------;--------;--------;--------;0.0008021441868715477
--------;--------;--------;--------;0.0
--------;--------;--------;--------;0.0
0.1017811704834605;0.2187297723928019;0.0892388451443569;0.019793530283691543
0.0916030534351145;0.2652347894102118;0.0839895013123359;0.022478875582641007
0.0661577608142493;0.1252492638481378;0.0603674540682414;0.007633502348172747
0.0470737913486005;-0.0428623841258432;0.0433070866141732;-0.0018723899763494194
0.0229007633587786;0.7368421052631582;0.0223097112860892;0.01648228583721127
0.0216284987277353;0.0524655636156166;0.0209973753280839;0.0011049503555239358
0.0267175572519083;0.9544617187205326;0.0249343832020997;0.023969111383148275
0.0127226463104325;-0.3949327240433657;0.0118110236220472;-0.004700562695958015
0.010178117048346;0.0524655636156166;0.0091863517060367;0.00048717047259436586
0.0038167938931297;0.3790143477501333;0.0026246719160104;0.0010399714476644218
0.0038167938931297;0.9872383536118254;0.0026246719160104;0.0027088676349328765
0.0025445292620865;0.1434510538799243;0.0013123359580052;0.00020593191902579087
0.0038167938931297;0.7368421052631582;0.0026246719160104;0.0020218093469532967
0.0076335877862595;0.1249786180378115;0.0052493438320209;0.0006858536891778565
0.0076335877862595;0.2881355932203393;0.0065616797900262;0.0019215389834583417
0.0114503816793893;0.0808293974892919;0.0065616797900262;0.0005698917067676793
0.0025445292620865;0.8000000000000003;0.0013123359580052;0.0011484442307306644
0.0038167938931297;-0.2007345212913458;0.0026246719160104;-0.0005507922640469806
0.0063613231552162;0.8723025817189016;0.0052493438320209;0.004676014420446154
0.0038167938931297;-0.2007345212913458;0.0026246719160104;-0.0005507922640469806
0.0038167938931297;-0.2007345212913458;0.0026246719160104;-0.0005507922640469806
0.0038167938931297;-0.7107445179189176;0.0026246719160104;-0.001950200591632954
0.0038167938931297;0.7999999999999998;0.0026246719160104;0.0021951072909778637
0.0076335877862595;-0.0298048285204536;0.0039370078740157;-0.0001283594376083715
0.0038167938931297;0.7368421052631582;0.0026246719160104;0.0020218093469532967
0.0025445292620865;-0.3276522350447843;0.0013123359580052;-0.00047036289877898753
0.0025445292620865;0.0125000000000001;0.0013123359580052;1.794444110516677e-05
0.0025445292620865;-0.3276522350447843;0.0013123359580052;-0.00047036289877898753
0.0025445292620865;0.0524655636156166;0.0013123359580052;7.531721730798442e-05
0.005089058524173;0.7368421052631582;0.0039370078740157;0.0029858411129705287
0.005089058524173;0.0524655636156166;0.0039370078740157;0.0002126016357367782
0.0025445292620865;0.0524655636156166;0.0013123359580052;7.531721730798442e-05
0.005089058524173;0.9002639175794038;0.0039370078740157;0.0036480610953583854
0.0038167938931297;-0.9471724996856632;0.0013123359580052;-0.0014802238980481117
0.0025445292620865;0.2217713476690533;0.0;5.643036836362648e-05
--------;--------;--------;--------;0.08797041009013172
0.0025445292620865;-0.021628606257855;0.0013123359580052;-3.104906009447339e-05
0.0012722646310432;-0.60504980920153;0.0;-7.697834722665431e-05
--------;--------;--------;--------;-9.008526488425215e-05
0.0229007633587786;0.623545144793702;0.0209973753280839;0.013211496275757595
0.0089058524173027;0.1314865923926247;0.0078740157480314;0.0010488947679093365
--------;--------;--------;--------;0.011891899809304263
0.0661577608142493;-0.5481177320118988;0.0669291338582677;-0.03664276473157223
0.0585241730279898;-0.6113974792593914;0.0459317585301837;-0.02885245843148017
0.0394402035623409;0.711897677457126;0.0393700787401574;0.028032459786226677
0.0343511450381679;0.2846252078159696;0.0314960629921259;0.00904583630658734
0.0216284987277353;0.4291584604495801;0.0170603674540682;0.007517646249745887
0.0089058524173027;0.6247652861525976;0.0065616797900262;0.004245965519884584
0.0038167938931297;-0.9255028225863144;0.0013123359580052;-0.0014463589221159695
0.0038167938931297;0.5325313443099134;0.0;0.00020325623828622275
--------;--------;--------;--------;-0.014924023399125396
--------;--------;--------;--------;0.0
0.5203562340966921;0.0371728557666639;0.5275590551181102;0.01958410172160877
0.27735368956743;-0.0122224071772416;0.2808398950131233;-0.0034282785662180975
0.2442748091603053;0.8379535942430069;0.2480314960629921;0.20752409068219924
0.1564885496183206;-0.8232313912374926;0.1574803149606299;-0.12956109354130482
0.0725190839694656;-0.5495810293643064;0.0734908136482939;-0.040335752593934356
0.059796437659033;0.2858671636714578;0.0603674540682414;0.01724074938842415
0.044529262086514;0.3855533755098985;0.0419947506561679;0.016288936812905896
0.0292620865139949;0.8333333333333335;0.0288713910761154;0.024092050516586132
0.0330788804071246;0.2012462090376447;0.0275590551181102;0.005657239758575605
0.0279898218829516;0.4666486882681181;0.0262467191601049;0.012329338727317935
0.0190839694656488;0.4228645746044512;0.0183727034120734;0.007799242334397743
0.0114503816793893;0.9977887737290048;0.0104986876640419;0.010570431650522068
0.0012722646310432;-0.1668361535115279;0.0;-2.122597372920107e-05
--------;--------;--------;--------;0.1232018997047726
--------;--------;--------;--------;0.0
--------;--------;--------;--------;0.0
--------;--------;--------;--------;0.0
0.0114503816793893;-0.1252312835459901;0.0078740157480314;-0.0010308603883887218
0.0089058524173027;0.6346654286230764;0.0065616797900262;0.004313247848950048
0.0089058524173027;-0.1722833559876756;0.0026246719160104;-0.0005604015716895732
0.0012722646310432;-0.0050806803176108;0.0;-6.463969869733554e-07
--------;--------;--------;--------;0.002269355481592404
--------;--------;--------;--------;0.0
0.0139949109414758;0.740059958996382;0.0078740157480314;0.006280226716213146
0.0076335877862595;0.2551118460556474;0.0026246719160104;0.0007973682752234942
0.0012722646310432;-0.7978349313030191;0.0;-0.00010150571645076124
0.0012722646310432;0.9687839182821716;0.0;0.00012325495143538528
0.0012722646310432;0.5656231140864929;0.0;7.196222825527578e-05
0.0012722646310432;-0.7390548980656899;0.0;-9.402734072082148e-05
0.0012722646310432;0.5856001476443837;0.0;7.450383557816253e-05
--------;--------;--------;--------;0.005963951902393135
0.0025445292620865;-0.0710824643482505;0.0;-1.8087141055534377e-05
--------;--------;--------;--------;-1.5083069504232893e-05
--------;--------;--------;--------;0.0
0.010178117048346;0.8589026511063678;0.0091863517060367;0.007975364822488914
0.0076335877862595;0.6261260151883228;0.0065616797900262;0.004175553368103861
0.005089058524173;0.1421074346651356;0.0039370078740157;0.000575849585482626
0.0038167938931297;-0.5059384397052735;0.0026246719160104;-0.001388236447228763
0.0038167938931297;0.2290133491514128;0.0026246719160104;0.0006283860905669069
0.0025445292620865;0.9503072706694262;0.0013123359580052;0.0013642186280271326
0.0038167938931297;-0.2771236982882175;0.0;-0.00010577240392679861
0.0038167938931297;-0.2107402114376589;0.0;-8.043519520521183e-05
0.0012722646310432;0.1028782168038293;0.0;1.3088831654430624e-05
--------;--------;--------;--------;0.010972617981040966
0.0025445292620865;-0.3497133497133498;0.0013123359580052;-0.0005020328486097397
--------;--------;--------;--------;-0.00041865081528027126
0.0025445292620865;-0.2536883632188429;0.0013123359580052;-0.0003641836714277317
0.0012722646310432;0.7042259360459908;0.0;8.959617506946048e-05
--------;--------;--------;--------;-0.00022898158862413637
--------;--------;--------;--------;0.0
0.0025445292620865;0.0;0.0013123359580052;0.0
--------;--------;--------;--------;0.0
0.7264631043256997;-0.13962433686145;0.7375328083989501;-0.10282296927721826
0.5114503816793893;0.0687381522972757;0.5170603674540682;0.03550321227928654
0.27735368956743;-0.4105024290409085;0.2847769028871391;-0.11659688566001457
0.2646310432569974;0.9640745500513764;0.2716535433070866;0.26121724617603903
0.1857506361323155;0.4465103198265312;0.1902887139107611;0.08476324465164808
0.1501272264631043;0.7691784186176862;0.1522309711286089;0.11693096213783921
0.1157760814249363;0.7119976649239244;0.1167979002624672;0.08308707899226433
0.1145038167938931;0.4783939357346444;0.1115485564304462;0.053505530799918224
0.0916030534351145;-0.0524655636156183;0.0931758530183727;-0.004880271862315928
0.049618320610687;0.1666666666666671;0.0498687664041994;0.008307286970808047
0.0458015267175572;0.8004138452742801;0.0446194225721784;0.03580862084736705
0.0241730279898218;0.3117256417880858;0.0236220472440944;0.007380773320171287
0.0305343511450381;0.2042015814364408;0.0223097112860892;0.004723626772604081
0.0089058524173027;0.0524655636156166;0.0078740157480314;0.0004185282633799663
0.0063613231552162;0.0524655636156166;0.0052493438320209;0.00028124384495117243
0.0038167938931297;-0.2117820267058363;0.0013123359580052;-0.0003309690866353046
0.0025445292620865;0.8685989298111063;0.0013123359580052;0.0012469217872004925
0.0012722646310432;-0.0416391478020028;0.0;-5.297601501526837e-06
0.0038167938931297;-0.058722113648646;0.0;-2.241302047658203e-05
0.0012722646310432;-0.0810622984393285;0.0;-1.0313269521542604e-05
0.0025445292620865;0.3175611079513977;0.0;8.080435316829412e-05
0.0012722646310432;-0.5395451064101966;0.0;-6.864441557381329e-05
0.0012722646310432;-0.303766361931602;0.0;-3.864711983862448e-05
0.0012722646310432;-0.6396720289214237;0.0;-8.138320978643703e-05
--------;--------;--------;--------;0.3906017434597676
0.0012722646310432;-0.7877938446472177;0.0;-0.00010022822450981965
0.0038167938931297;-0.5885099433969798;0.0;-0.00022462211580036981
--------;--------;--------;--------;-0.00027089633714517047
--------;--------;--------;--------;0.0
--------;--------;--------;--------;0.0
0.0203562340966921;-0.5277403210041145;0.0196850393700787;-0.010424010648191888
0.0089058524173027;0.1232429056180735;0.0052493438320209;0.0006920082606933241
0.0063613231552162;0.1303738161950201;0.0026246719160104;0.00039090464213468226
--------;--------;--------;--------;-0.0077896460312087724
0.0012722646310432;-0.0022451425825105;0.0;-2.8564154993770985e-07
--------;--------;--------;--------;-2.381996877106789e-07
0.0025445292620865;0.1074571133891479;0.0;2.7342776943803385e-05
--------;--------;--------;--------;2.2801447935627796e-05
0.0025445292620865;-0.6274067459670176;0.0013123359580052;-0.000900677072159151
0.0012722646310432;-0.3148715334152037;0.0;-4.0059991528650076e-05
0.0025445292620865;0.4302260286874596;0.0;0.0001094722719306507
--------;--------;--------;--------;-0.0006932010201058471
--------;--------;--------;--------;0.0
0.0114503816793893;0.2265635218902353;0.0078740157480314;0.0018649921453908393
0.0025445292620865;0.8253406027432364;0.0013123359580052;0.0011848220670102984
0.0012722646310432;0.7015770814748394;0.0;8.925917067109517e-05
--------;--------;--------;--------;0.0026177084521203857
--------;--------;--------;--------;0.0
0.0076335877862595;0.3390399542436743;0.0039370078740157;0.0014601317978937907
0.0038167938931297;0.4279352827848672;0.0026246719160104;0.0011742048241346703
0.0038167938931297;-0.4620205621167794;0.0013123359580052;-0.0007220373033020298
0.0025445292620865;0.4279352827848672;0.0013123359580052;0.00061432475830047
0.0025445292620865;0.4279352827848672;0.0013123359580052;0.00061432475830047
0.0012722646310432;0.4279352827848672;0.0;5.444469246626565e-05
0.0012722646310432;0.4279352827848672;0.0;5.444469246626565e-05
--------;--------;--------;--------;0.002710076490429871
0.0025445292620865;-0.7118535359567253;0.0013123359580052;-0.0010219051081184058
--------;--------;--------;--------;-0.0008521781151125743
--------;--------;--------;--------;0.0
0.0038167938931297;0.1931330472103007;0.0026246719160104;0.000529934700075129
0.0025445292620865;0.9116003847020386;0.0013123359580052;0.0013086527531786377
--------;--------;--------;--------;0.001533218669655462
0.3180661577608142;-0.3102503773372066;0.3149606299212598;-0.09781300339784042
0.1653944020356234;-0.4257451206848768;0.1666666666666666;-0.07090335406825744
0.1641221374045801;-0.0434085309444401;0.1627296587926509;-0.007069899974370506
0.0699745547073791;-0.3645568135676539;0.0682414698162729;-0.024941073579948073
0.0279898218829516;0.0988378549822999;0.0249343832020997;0.0024946602515267596
0.0216284987277353;0.7539137116114005;0.0196850393700787;0.014987341160482257
0.0076335877862595;-0.3761571630979494;0.0039370078740157;-0.001619983214279484
0.0038167938931297;0.9530707202982374;0.0026246719160104;0.002615115608680232
0.0038167938931297;0.3573375214489145;0.0026246719160104;0.000980492748340589
0.005089058524173;-0.0032177117483365;0.0026246719160104;-9.23840623382833e-06
0.005089058524173;0.3068467710962858;0.0026246719160104;0.0008809910099596552
0.0025445292620865;-0.4467072705871713;0.0013123359580052;-0.0006412729846640982
0.0038167938931297;-0.3908629051828034;0.0013123359580052;-0.0006108334155648588
0.0025445292620865;-0.6171175531154847;0.0013123359580052;-0.0008859063669476282
0.0038167938931297;0.0;0.0013123359580052;0.0
0.005089058524173;0.0450524221284568;0.0013123359580052;7.613896348570907e-05
0.005089058524173;-0.695830694487209;0.0013123359580052;-0.0011759595896695006
0.0012722646310432;0.8816194818215639;0.0;0.00011216532847602093
0.0038167938931297;0.2872759008815078;0.0;0.0001096472904127872
0.0012722646310432;-0.175864580254754;0.0;-2.2374628531138184e-05
0.0038167938931297;-0.6204865890223367;0.0;-0.00023682694237493328
0.0012722646310432;0.0;0.0;0.0
0.0012722646310432;-0.6773183967693754;0.0;-8.617282401645612e-05
0.0012722646310432;-0.849197258105169;0.0;-0.00010804036362660699
0.0025445292620865;0.6665931477473581;0.0;0.00016961657703495024
--------;--------;--------;--------;-0.15318762852085047
--------;--------;--------;--------;0.0
0.049618320610687;-0.0036945312088938;0.0498687664041994;-0.00018414918584932255
--------;--------;--------;--------;-0.00015356406857143135
0.0267175572519083;-0.3861222570509406;0.0249343832020997;-0.009696572639050471
0.010178117048346;0.9919538978107456;0.0091863517060367;0.00921081593116523
0.0038167938931297;0.4835999148691076;0.0013123359580052;0.0007557611219929305
--------;--------;--------;--------;0.00022515970500433793
--------;--------;--------;--------;0.0
0.0025445292620865;0.6628916952613597;0.0013123359580052;0.0009516176787777226
--------;--------;--------;--------;0.000793564640558231
0.1335877862595419;-0.0221928466112285;0.1338582677165354;-0.002970095727729206
0.0559796437659033;-0.267537633752315;0.0564304461942257;-0.015085207384894156
0.0190839694656488;0.4896545451551946;0.0183727034120734;0.009031105198104874
0.0190839694656488;0.2936750521438209;0.0170603674540682;0.005069632444293151
0.010178117048346;-0.267537633752315;0.0091863517060367;-0.002484228253541499
0.0063613231552162;0.160332576778764;0.0052493438320209;0.000859469474006883
0.005089058524173;-0.6620820101330009;0.0039370078740157;-0.002682897288160885
0.0038167938931297;0.0976360128063247;0.0026246719160104;0.0002679019044664643
0.0025445292620865;-0.1756780782404046;0.0013123359580052;-0.0002521955942763036
0.0025445292620865;0.3794975218346752;0.0013123359580052;0.0005447896744095212
--------;--------;--------;--------;-0.006422555199110625
--------;--------;--------;--------;0.0
--------;--------;--------;--------;0.0
--------;--------;--------;--------;0.0
--------;--------;--------;--------;0.0
0.0063613231552162;0.7541463245287616;0.0052493438320209;0.004042632869060259
0.0038167938931297;0.4311167789565553;0.0013123359580052;0.0006737414349263732
0.0089058524173027;-0.5736250929566198;0.0;-0.0005108620420733199
--------;--------;--------;--------;0.0035070237774218593
0.010178117048346;0.8046396519973948;0.0091863517060367;0.0074715042118609284
0.0076335877862595;-0.7683217066982702;0.0065616797900262;-0.005123838033189426
0.0063613231552162;0.2383058416865905;0.0039370078740157;0.0009959848245040606
0.0025445292620865;0.8201272015996275;0.0013123359580052;0.0011773379414279706
0.0038167938931297;0.2663802891709967;0.0;0.00010167186609579839
--------;--------;--------;--------;0.0038548886243653852
0.0012722646310432;-0.8766883736403452;0.0;-0.0001115379610229397
--------;--------;--------;--------;-9.301275493479114e-05
0.5419847328244275;-0.0592749589290892;0.5341207349081365;-0.03170659844020539
0.1246819338422391;-0.2543826818426793;0.1259842519685039;-0.032015083167934714
0.0203562340966921;-0.0073486734977338;0.0144356955380577;-0.00011043402370169346
0.0114503816793893;-0.4990572404780139;0.0091863517060367;-0.004697503387561257
0.0114503816793893;0.2495942034497806;0.0091863517060367;0.0023493690124563003
0.0139949109414758;0.0998670702233676;0.0078740157480314;0.0008474824706599128
--------;--------;--------;--------;-0.05448172658288537
0.0089058524173027;0.1899514900901832;0.0052493438320209;0.0010665766083182648
0.0025445292620865;0.3895099946692879;0.0;9.911195793111596e-05
--------;--------;--------;--------;0.0009720807512389657
0.005089058524173;-0.2241321362321999;0.0026246719160104;-0.0006435081469430232
--------;--------;--------;--------;-0.0005366286510997174
0.0203562340966921;0.9024799981270334;0.0183727034120734;0.016760007017770504
0.010178117048346;0.3303033025629183;0.0065616797900262;0.0022867966219994717
0.0038167938931297;0.3076923076923081;0.0026246719160104;0.0008442720349914873
0.0012722646310432;0.996018727791666;0.0;0.00012671993992259816
0.0012722646310432;0.8536093955077857;0.0;0.0001086017042630722
--------;--------;--------;--------;0.016783628142193276
0.0038167938931297;-0.1127123407248565;0.0;-4.3019977375898635e-05
--------;--------;--------;--------;-3.587484096236761e-05
0.1653944020356234;0.3554406356809187;0.1614173228346456;0.0575156373941934
0.1081424936386768;0.5503121291289104;0.1076115485564304;0.059249158956814485
0.0190839694656488;0.2703775381399151;0.0183727034120734;0.0049867973539840455
0.0521628498727735;0.4214028323048706;0.0524934383202099;0.022106952494749782
0.0241730279898218;0.8995393970398791;0.0236220472440944;0.02129852502357944
0.0725190839694656;0.033786863061749;0.0419947506561679;0.0015220030367029962
0.0381679389312977;0.6805596097834242;0.0301837270341207;0.021085198705467673
0.0318066157760814;0.8497717708339679;0.0157480314960629;0.014746845771630256
0.0216284987277353;-0.1001517827267222;0.0118110236220472;-0.0012812188349464425
0.0216284987277353;0.6445077110966191;0.0131233595800524;0.009006269221300597
0.0089058524173027;0.2361100458489553;0.0078740157480314;0.0018834969196121181
0.0038167938931297;0.579945643321553;0.0013123359580052;0.0009063284682550869
0.0012722646310432;-0.4153274170853251;0.0;-5.284063830601864e-05
0.0012722646310432;0.9618845392560672;0.0;0.00012237716784427788
0.0063613231552162;0.1371119038837975;0.0;8.72213129031779e-05
0.0038167938931297;-0.0694677200969909;0.0013123359580052;-0.0001085628852871133
--------;--------;--------;--------;0.1776849530527692
0.0038167938931297;0.0394263355611158;0.0013123359580052;6.161475774412317e-05
0.0012722646310432;0.2350988094626518;0.0;2.991079000796963e-05
0.0012722646310432;0.9999960559112232;0.0;0.00012722596131185476
0.0025445292620865;0.7807709797042404;0.0;0.00019866946048453842
--------;--------;--------;--------;0.00034809202166848936
0.0012722646310432;0.6209553758005959;0.0;7.900195620872368e-05
0.0012722646310432;0.3554558908956837;0.0;4.52233957882529e-05
--------;--------;--------;--------;0.00010359291236825245
0.0572519083969465;0.9964609857635408;0.0577427821522309;0.057489515969533785
0.0063613231552162;-0.0038975665785734;0.0052493438320209;-2.0893068423740145e-05
0.0089058524173027;-0.7104207383214203;0.0026246719160104;-0.0023108494493494242
0.0063613231552162;-0.0002551891025598;0.0026246719160104;-7.651429383917941e-07
0.0089058524173027;-0.2580572918430012;0.0013123359580052;-0.0005346140926161693
0.0025445292620865;0.2794799355830668;0.0;7.111448742571634e-05
--------;--------;--------;--------;0.04560952948143369
0.0089058524173027;0.0370791898452507;0.0065616797900262;0.0002519937728258088
--------;--------;--------;--------;0.00021014042951816048
