发布者;宏观集群密度;帖子平均情绪值;宏观集群信任度值;群体情绪指数1
AI写作神器！2分钟搞定3000字，现在写文案甚至不用码字？;0.1217402981066201;-0.1754179015374539;0.5348818737834664;-0.13976750601946586
除了Chat GPT外，还有哪些王炸级的AI工具？｜AI绘画｜AI写作｜代码｜语音生成;0.2989928830401503;0.1976741396096663;1.0;0.2967367472247047
ChatGPT平替 | 5款亲测可用好用的AI写作工具;0.0066604001611387;0.5224598177696803;0.4901209469117121;0.37259711121067013
国产全能型AI写作神器，给个标题就能自动生成全文;0.0803276487176044;0.2216347067739949;0.4384123323002429;0.14404602138716466
中国版ChatGPT？分享2个不翻墙AI写作好用神器;0.0252450651268967;0.2575690722450058;0.5476372549900596;0.20598403126832465
七个用了能让你直呼“卧槽”的AI写作软件，1分钟搞定N个字！建议点赞收藏！！;0.0006445548543037;0.6694915254237288;0.6694806869233958;0.6512648836622541
5个技巧优化你的AI写作｜适用于八股文、文本类作业、用文本理清思路;0.0254330602927353;0.1830558958454632;0.4977128123894764;0.1331218848406821
AI 自动写作;0.0027393581307909;0.3784675474486756;0.5351660059760799;0.29443685232682715
ChatRWKV网文AI写作保姆级教程;0.0064186920907748;0.0705626801701522;0.4806199348516011;0.049345651294613366
AI写作推荐网站;2.6856452262656103e-05;0.8201729353238203;0.6686642147703502;0.7967893530337297
神码ai智能写作;2.6856452262656103e-05;0.6166420680678517;0.6686417394177647;0.5990411271995922
用AI智能写作的下场;0.0003759903316771;0.6334529445475214;0.8729737401364212;0.8034602411500382
AI写作 真是内容黑科技啊;0.0005639854975157;-0.3388479217510559;0.8959534990021424;-0.4411118647943005
AI智能写作，AI智能真是个好东西;0.0018262387538606;0.1956115566813321;0.5440583096781706;0.15467850745546216
AI写作神器，到底能有多离谱！;0.0055324291661071;0.4746456232901349;0.4457819960949941;0.3078353816420888
AI写作对网文市场的冲击有多大？网文作者会大面积面临失业？凌薪绝：同人文市场会被彻底破坏;0.0085940647240499;0.4545604261936798;0.4475878300062019;0.2962262293174052
Friday AI写作系统 让你飞速生成高质量的原创文章;0.0009131193769303;0.1560285238341902;0.5261918018252941;0.11930533820974552
余华王安忆谈ChatGPT：AI写作完美但平庸，人脑最可贵的是会犯错;0.0030616355579427;0.534124396058452;0.4526037452791446;0.35149157884677096
当我找到了一个AI写作软件;0.0003222774271518;-0.4708262220130423;0.6690035416777643;-0.45765727771728576
AI写作｜chatgpt 写作神器，一个内容爱写什么稿就写什么稿。感觉快要失业了;0.0001879951658385;-0.2201039861351823;0.6687978936552186;-0.21387717400970135
爽文，但是AI写作;0.0001074258090506;-0.2275125148537873;0.668688051765213;-0.22103684605624305
全网所有的AI工具网站都在这里！！包括chatgpt、AI绘画、AI写作、AI办公;0.2976232039747549;0.100269703453548;0.9810684789676236;0.14773885779535184
作业帮写作AI也是UT厨？？;0.005774137236471;0.1341811794998215;0.5901305346855893;0.11517007637443627
【AI写作】我曾经也是个作家;0.0001074258090506;0.0190677966101696;0.6686531063501447;0.018524103487342864
2023 微软Edge版Copilot 保姆级教程：从入门到精通，快速学习如何使用Edge版Copilot功能，开启 AI聊天，AI写作，AI网页分析和AI绘图;0.0472136430777494;0.042797862811161;0.570910581600426;0.035825367023787524
AI写作配置;0.0002954209748892;0.1188354766442989;0.6429869871305903;0.11101931286580072
常用的免费Ai工具，让AI帮你写作论文，论文降重！;0.0003491338794145;-0.6825675321728568;0.8808313191229377;-0.8735455775776192
AI写作外挂演示视频;0.0018530952061232;-0.0248570039533816;0.3901843739218736;-0.0140985951177954
AI写作助手;0.0009936887337182;0.028712207703618;0.5140134054393203;0.021446793856974917
由AI驱动的全新写作新方式！这才是未来的文字工具！;0.0015845306834967;0.2310308021121352;0.542837241511642;0.18226715797844423
百度写作AI试用 竟写出这种惊人文章！;0.0003222774271518;0.2570205976826599;0.6358056180027557;0.23743504347148853
全品AI誊云笔，一支神奇的笔，可以AI写作、AI绘画、AI练字，还能自动批阅作业~;8.05693567879683e-05;-0.9578510293528402;0.668702563204926;-0.9306038412833915
《当AI忘了写作业》;0.0016919564925473;-0.0874587059554344;0.5619033683696941;-0.07142299018106635
葫芦笔记AI，AI写作时代来了！;0.0002685645226265;-0.0736599336170396;0.6687031243284107;-0.07156688651240944
AI原创写作，1分钟完成;0.0006445548543037;0.2590090076598243;0.5668726553189523;0.21334541254385153
AI写作，but《只因你太美》;0.0001342822613132;-0.0323802633965385;0.6903037764273554;-0.03247566717243779
家人们，这是可以进行AI写作的软件，用来写论文或写作真的太好用了！;8.05693567879683e-05;-0.1260094830653687;0.6686417726550443;-0.12241386727775717
AI写作可以代替作者？没想到它还真写出来了……#ChatGPT #写作 - 抖音;2.6856452262656103e-05;-0.4850655486495343;0.6686823627594763;-0.4712488521944857
【AI写作】李师师三屁崩宇宙;0.0349939572982409;0.286877963586385;0.4254964479253191;0.1789665179950312
AI到底有多逆天？ 2分钟内可出一个完美的获奖作品，只要你敢想它就敢做！;0.2731569759634752;0.1345669150090464;0.8637029698428635;0.17479539684132758
彻底改变你的写作方式！超强笔记软件+AI！Notion AI是什么？怎么用？它会取代哪些人？！;0.0082449308446354;-0.088937946499031;0.46651748939864;-0.06039974245746692
【3款AI写作工具教学】AI帮你下SEO标题、写文档 | WriteCream、OpenAI、文心大模型;0.0077883711561702;0.7035194366528069;0.463868638350437;0.4750164262195236
当AI开始写作;5.3712904525312205e-05;0.835937644990884;0.6688136042438421;0.8122896616755413
当你试图让写作AI做数学题;0.0019068081106485;0.1525031898586791;0.5360102882556762;0.11880965937878556
AI写作神器，1秒生成文案内容，让你秒变写作大神！;0.0004297032362024;0.4736842105263161;0.6688589988395464;0.46034406831431707
ai写作之AI writer;5.3712904525312205e-05;-0.5440889055997926;0.6686529844801197;-0.5285701125220008
AI写作神器没有之一！！;0.0059084194977843;0.1055551251317658;0.5069928806823418;0.07785226398850648
论文AI一键生成软件，让你轻松应对论文写作;5.3712904525312205e-05;0.0633177693971436;0.6686720848367862;0.06151354340462338
写作业神器——AI作文工具 偷懒必备;0.0014502484221834;0.8818309496917648;0.7453171519658978;0.9550990357749066
人工智能写文章ai智能创作文案炼丹;0.0007251242110917;0.319538111197741;0.4961819794825075;0.23038926230618292
AI写作宝藏网站;0.0001611387135759;0.9503295554928246;0.6686867196671842;0.9232868095037363
七个用了能让你直呼“卧槽”的AI写作软件，1分钟搞定10000字！清华出品，必属精品;0.0008862629246676;0.7071973158834958;0.679587474565825;0.6983561527430793
AI写作工具，写小说、写文案、写作文、写对联，简直绝了！;0.0012622532563448;0.4606859980321849;0.5749437618458438;0.38491459193579286
一个能让你直呼“卧槽 卧槽 卧槽”的AI写作软件，1分钟搞定10000字！;0.0052370081912179;0.0056250908168409;0.5296527608539687;0.004333369402415809
快速使用ChatGPT变现（六）--AI写作软件精挑;8.05693567879683e-05;0.677191837143772;0.6686529955592129;0.6578795583086301
当你想让ai帮你写作业时;0.5150798979454814;0.0770348396202313;0.4396369432400718;0.05561043811498441
AI创作工具，智能写作写你所想！;0.0001074258090506;0.1580570572553079;0.6686477534102351;0.15354903907300305
让AI给我讲一个笑话，AI聊天写作生成，ChatGPT;0.0002148516181012;0.333737304758777;0.6687161570350381;0.3242575843069952
AI公式写作公式能提高码字效率吗？;0.0001342822613132;-0.8839093618213683;0.6689490321879152;-0.8590897126434206
论文一键降重！公文瞬间纠错！Ai算法加成后的写作工具到底有多强？;0.0037330468645091;0.3367963658948498;0.6067618347338432;0.2971053717007606
如何识别ChatGPT的AI写作和真人写作;5.3712904525312205e-05;0.8095238095238093;0.6686780360477284;0.7864636050355305
简直离谱 |AI写作，论文降重，OCR识别......这款AI效率神器到底还有多少神操作;0.0028736403921042;-0.2309583555865874;0.559518683536264;-0.18785558146290818
只要8分钟，打造属于你的AI智能写作系统;0.0156573116691285;0.5023971370077907;0.4323538422399636;0.316853530769208
现在的AI写作有多厉害？我从这个网站中找到了答案;0.0095071841009802;-0.3253949768146696;0.3858089396478513;-0.18289367347841312
现在的AI写作到了什么水平?;5.3712904525312205e-05;0.835937644990884;0.6686417468038269;0.8120809386842015
ChatGPT注册不了,还有这些可以用，文心一言+火龙果写作+new bing必应+彩云小梦/AI智能/智能写作/AI问答/AI对话/在线聊天/AI论;0.0013965355176581;0.0071966281222863;0.5543183943872775;0.005797462869882689
AI写作神器，输入标题自动写！秒速生成原创内容;0.0008325500201423;-0.3613341683660941;0.6053414299565157;-0.3178365661013596
【AI写作】用AI续写《论语》，孔子：我没说过这话！;0.0010474016382435;0.2434340073672393;0.5637260613248427;0.19941924988012125
手机AI智能写作神器，只需要输入一个标题，就可以自动生成文章;0.0012891097086074;-0.1886715065998804;0.5507139272761791;-0.15099876183170224
刺客边风！任何人都可以免费使用ChatGPT4.0，不限次数，无需注册登录账号！全网最强AI人工智能文案写作神器，支持AI绘画，技术宅手机必备软件应用工具APP;0.0129448099906002;-0.0875866255644147;0.4532148194338734;-0.05785568636838794
AI绘画改变了绘画行业，那AI写作呢？;0.0003491338794145;0.9044716372932824;0.7321510953511503;0.9621587816566933
AI写作成功在Android手机上实现！;8.05693567879683e-05;0.9859524145389498;0.6686534128717231;0.9578354437075276
关于ai写作我怎么看？;0.0103397341211226;0.2779158234256106;0.4458028825353302;0.180468736315974
当你试图让AI帮你写作业;0.0002417080703639;0.9947152133351882;0.6686856254438035;0.9664207774598746
突然拥有超高写作能力，惊艳所有人;0.0081643614878474;0.3701540123084043;0.5658749395109245;0.3048082018296653
200万人排队用的 Notion AI，完全颠覆了我的写作方式。;0.3598764603195918;-0.0317685806362759;0.9860269547068132;-0.047356417472677714
智媒AI伪原创工具3.0版本使用说明;0.0007251242110917;0.2878518847837616;0.4189589021444137;0.17524760016013513
【AI智能写作】大学生 3秒写文章 无重复;0.0005639854975157;-0.0528027958738984;0.5668140988879632;-0.04348842138462975
利用AI写作网站CopyMatic自动生成博客文章;0.0003491338794145;-0.8865683668377331;0.6695868976439595;-0.8625264207014578
Ai写作神器;5.3712904525312205e-05;0.7782134238911367;0.6686529807870886;0.7560168026344267
利用Ai写作工具完成高质量文章，成为你的赚钱神器;0.0025513629649523;0.3631833610791107;0.4217198207017239;0.2226741816280406
有了这几个ai网站，让你论文写作效率直接起飞;0.0017456693970726;1.0;0.6714982550080846;0.9758844223093394
AI的写作把我按在地上碾压;0.0006714113065664;-0.3395358089280634;0.8089812175214081;-0.3991095666891824
用AI写作软件去自动生成小说 本来想要生成咩栗呜米贴贴文的 up看完已经疯掉了网文充电站第五期;0.0030884920102054;0.1197188998989301;0.4224897659260656;0.07354609026199166
【副业推荐】七个用了能让你直呼“卧槽”的AI写作软件，1分钟搞定10000字！清华出品，必属精品！;0.0009668322814556;0.4456912766694265;0.839960207670325;0.5439718862159434
让AI帮我写作业能成功吗？;0.0001611387135759;-0.4434608048391245;0.965159003805237;-0.6218565775911712
我用AI续写摆烂了你的中文写作实训;0.0017993823015979;0.4475192571999616;0.4534694424254475;0.29497095810308194
Notion AI🔥Chatgpt平替🔥小白必看的AI写作教程🔥让AI来代替你打工;0.0034107694373573;-0.1613833694691525;0.425863307096635;-0.0999409273896023
作文不会写？分享一款完全免费的AI辅助写作网站;0.0038404726735598;0.108775562554036;0.5122077771289774;0.08101533536943942
《当你威胁AI给你写作业》;0.0003759903316771;-0.1458826501481279;0.7186965979662177;-0.1523359993967616
解毒时刻：ChatGPT能写小说了？我实测了下 AI写作没那么香;0.0063918356385121;0.6069912961102343;0.4062440500049305;0.35888567593508786
AI替你写作业，这不是梦，这是现在能实现的;0.0443131462333825;0.2724615727191102;0.4428549817981214;0.17725427764756257
AI写的稿，用AI去改，只能写作的终极用法;0.0218074392372767;0.0636247488250457;0.4744428948437887;0.04408090041662019
神器推荐||分享4款AI写稿工具;0.0018262387538606;0.9527973004182764;0.7221865654952364;1.0
用ChatGPT进行AI写作，效果如何？;0.0003759903316771;0.2101438262469928;0.6018215954734675;0.18375646107401397
分享一款免费AI智能写作工具，简单智能高效写作的必备工具！;0.0012622532563448;0.1651763445855087;0.904275786572372;0.21704219555350115
让AI帮你自动写文章！ 📝 你的AI写作伙伴，只要单击按钮，AI可以继续用你的语气写作，重写句子，帮助你将想法发挥等等。;0.0001074258090506;0.2427219874426902;0.5443180863942019;0.19195502109283732
超实用AI写作工具 轻松辅助搞定创作;0.0017456693970726;0.0093577900727213;0.553217823912825;0.007524017065141655
AI智能写作网站推荐;5.3712904525312205e-05;-0.2239662603467791;0.7109504723376712;-0.231341560041865
AI写作可以代替作者？没想到它还真写出来了……;0.0017725258493353;0.0805316168230262;0.570600449835454;0.06678462183861027
notion怎么用？AI辅助写作，来看看AI到底有多强。;8.05693567879683e-05;0.9768336338639164;0.6688035014142718;0.9491897166807934
ChatGPT之外好用的AI写作软件;0.000617698402041;0.8095238095238093;0.6698781489572592;0.7879488041795255
【chatGPT】AI 写 作 业;0.0046461662414395;-0.059248649387356;0.4828144835922527;-0.04160551734159259
写作猫这款软件真的很喜欢，他兼顾生成文字和政治错误的修改，帮助我解决了大部分的政治问题，特别是在ai写作中的功能。是一款全能得写作软件;2.6856452262656103e-05;0.790659901648811;0.6686529770940575;0.7681048431595455
AI智能写作神器，自动检测错别字、句子补全、润色、在线翻译等功;0.0036793339599838;0.0989693522211847;0.477792692398562;0.06876061256835697
这是什么神仙工具？改论文改简历改一切，AI实时纠错，写作有内味了！;0.0005371290452531;0.5830905429320522;0.6478404991472424;0.5488733784560853
分享网站:AI写作猫;8.05693567879683e-05;-0.3377992166519796;0.6686417504968579;-0.328160278873516
AI写作，再也不怕写素材找不到思路了。;-0.0003222774271518;0.596070878274268;0.4841941113664328;0.41928889193878316
用冠军之力，让AI帮您写作;8.05693567879683e-05;0.1176728576349624;0.6686473582559112;0.11431607810215524
AI写作到底有多强？一键免费文字纠错，文案改写，抓取网页内容，自动生成撩妹表白内容！;0.0231234053981469;0.1729391287354348;0.444790862513413;0.11240318336786692
AI人工智能写作助手;0.0012622532563448;0.4913503818946087;0.4790447728993571;0.34207599784470816
[博士在读] 师兄师姐们都在偷偷用的SCI论文写作神器 AI写作助手 助力你快速写SCI论文 赶快点赞收藏吧;0.0212434537397609;0.1269396110897297;0.5411795290056244;0.10024360404535977
离谱，谁敢相信，这个AI都把国足骂了;0.0027662145830535;0.504732992054266;0.6072976399351954;0.44556503105431244
当我让AI写作。。。。。。。。bilibili竟然;0.0001342822613132;-0.8160919540229883;0.668641754189889;-0.7928122442215839
论文字数不够？论文写作没思路？快来看看这个吧，谷歌官方出品，AI帮你写综述！！！;0.0012891097086074;0.3373632316662942;0.6459835414059826;0.31669671286827067
AI写作取代创作者 写作完还能自行优化;0.0031690613669934;-0.2454707481992595;0.6084260311777654;-0.21711352120135427
今天安利AI写作助手，功能非常强大。很多科研小白的福音。;0.0333020008056935;-0.0162924463850489;0.4584368802592375;-0.010939191026627982
超级好用的AI写作分享，值得试一试;8.05693567879683e-05;-0.1859954215809007;0.7793181661020495;-0.21059599665560694
AI帮你写作业？！当批改网遇上AI(OpenAI/chatGPT);0.0111454276890022;0.0153687571147472;0.4441630575347693;0.009945312431371813
AI写作神器！2分钟搞定3000字，写文案甚至不用码字？专属自媒体创作者的Ai机器人来啦！;0.0007519806633543;0.5366810410959812;0.7794941709010762;0.6078602485361373
七个能让你用了直呼“卧槽”的AI写作软件，1分钟搞定10000字！清华出品，必属精品！;0.0004565596884651;-0.556566233348966;0.8716748369668976;-0.70489544805273
用 AI 帮你写文章是一种什么样的体验？新版秘塔写作猫上手体验;0.0055861420706324;0.2200618260126188;0.497392729805691;0.1592259394971329
新媒体运营用chatgpt写稿，效率翻了30倍不止！｜进来看看ai的速度有多快？;0.0070363904928158;-0.069867378759688;0.4225787364845143;-0.04297470589406893
趣闻：大学生借助AI写作_竟然还赚取了100美金;0.0001342822613132;0.3370392446083258;0.5843079446074527;0.2861287003526477
【疯狂的AI写作】AI能帮我写文章!？一键自动写大纲写内容！上班族学生党必备写作神器！秘塔写作猫～【翻滚吧阿辉】;0.0070632469450785;0.0142840836200628;0.4846091879540981;0.010073371485352726
一款超级好用的科研论文写作工具，科研者之家的Ai写作助手，论文中的八大部分都可以参考，一周轻松写5000字。;0.0002148516181012;0.9965376165599116;0.6692392809518992;0.9689886292180946
最强论文写作神器 Easy Essay AI帮你一天完成论文撰写;0.0474284946958506;-0.0132601478331087;0.4601172797466671;-0.008965835928757823
OpenAi 文章聚合生成工具使用教程【AI写作】;0.0006714113065664;-0.1164580852995755;0.4801442814279109;-0.08125254018657627
OpenAI Davinci v1.3AI写作助理和内容创建演示;0.0001342822613132;-0.1185263059674629;0.6687025041164291;-0.11515570470976648
AI写作体验之小红书文案，有内味了。;0.0008862629246676;0.6643991674796148;0.7469076052205877;0.7210764039504086
国内版ChatGPT，FlowUs也有AI写作助手了！;0.0036256210554585;-0.3913941014795501;0.394166082428653;-0.22437022745812885
你认为写小说是用ai软件重要还是自己努力比较重要？;0.0006714113065664;0.608638529464526;0.473574622218205;0.41883632462521947
【Craft.do】候补不到NewBing，注册不了ChatGPT，先用Craft的助手体验一下AI写作;0.000617698402041;-0.0781166072561323;0.5251312569787545;-0.05960683579097627
【AI合写小说】当我尝试用New Bing作为故事的变量......;0.0002148516181012;0.8499885820052919;0.6689093298484585;0.8260834339230052
不愧是清华大学出品的写作神器;0.0001611387135759;0.6934366229653259;0.8708920050171733;0.877421102674645
AI智能写作到底有多强大？这个宝藏网站给了答案！;0.0004565596884651;0.696354491404698;0.6691516115859318;0.6770424523017
Craft AI 写作辅助好用吗？;0.011011145427689;0.2672771217268628;0.4605532654782899;0.17931717768708044
私藏免费神器！AI原创文章生成器软件，人工智能助你书写原创文章;0.0010474016382435;0.4350489337407081;0.4153953606319369;0.2626331089727618
AI审稿人/回复信写作;0.0001342822613132;-0.6282802684875549;0.7098721564993817;-0.647993663941812
OpenAI ChatGPT走红，DeepMind不甘示弱，推出剧本写作AI，一句话生成一个剧本;0.0007519806633543;0.4709089502357892;0.6133844496548087;0.41971735705226154
AI写作神器！2分钟写到3000字~写文案没灵感？10个自动写文案神器，好用到哭~;0.0008056935678796;-0.0583593476699257;0.60157636334151;-0.0510145293898309
一键生成，AI写作到底有多离谱？我们为什么要学会写作？;0.0005639854975157;-0.102038663509913;0.669433851034485;-0.09925243074661994
七个用了能让你直呼“卧槽”的AI写作软件，1分钟搞定N个字！清华出品，必属精品！！;0.0008325500201423;0.4026994582646489;0.6202749147217168;0.362959439836603
AI辅助写作，帮你准确表达，欧洲企业开始加入AIGC角逐;0.0017188129448099;0.2993390665752814;0.718279233087754;0.3124641782097639
ai写作大学生期末论文神器;5.3712904525312205e-05;-0.8078611542383649;0.668752996106094;-0.7849362945512691
6小时做个二次元游戏！AI写作，AI绘画，AI配音的GAL，你失业了吗？;0.3150798979454814;0.3291941095681482;0.8123086678817459;0.40525307945595473
AI写作摸鱼神器，文案纠错、改写、润色、续写免费一条龙，有多离谱？;0.0184772391567074;0.1079444457304788;0.4719042646851766;0.07433058966455762
AI自动创作：教你如何使用AI自动写作，当你不想写稿了，这款 「智能写作工具」 就能帮上忙;0.0034644823418826;0.2109432872026121;0.472725001706284;0.14499594427521445
把B站神评论放进AI软件生成论文，效果太惊艳！毕业论文有救了😊;0.0760306163555794;0.1387613653804676;0.5216891087619735;0.10687711263033353
【AI吐槽】写作男主，读作龙套！？青春的超能力：灵能百分百！;0.124560225594199;0.0593295704717781;0.6262312672728049;0.055173129955242886
【AI写作】什么？你居然还不知道AI智能写作神器？不用想直接一秒出稿 | 自动纠错 | 文案改写 | 抓取网页内容 | 论文降重等等通通不在话下，秘塔写作猫;0.0025782194172149;0.41584401452807;0.8815951145133967;0.5328056194439584
秘塔写作猫    给大家分享一下非常好用的写作网站，AI写作，作画，各种纠错改写功能，不仅齐全而且非常强大。 AI作画终于算是被玩明白了;0.0001342822613132;0.313971049242697;0.6686473619489421;0.3050173188670517
分享好物，秘塔写作猫都去注册，可以自动写作。AI写作哦！去试试吧！;0.0001074258090506;-0.97718329042327;0.6686473582559112;-0.9493120343793542
科研懒人必备神器，AI论文写作助手;0.0005639854975157;-0.3170009073367645;0.7225408924168171;-0.3328041009908054
大学生AI写作工具，一分钟速成千字论文，堪比ChatGPT;0.0004565596884651;0.348311426656112;0.6193411775681389;0.31344497865600895
AI给出的关于写作的建议;0.0003222774271518;0.3435878518551951;0.6686457906728428;0.33379916144975114
七个用了能让你直呼“卧槽”的AI写作软件，1分钟搞定好多好多字！吊炸天！！！！;0.0007251242110917;0.6694915254237288;0.6691282237623419;0.6509307549365673
科研文章写作神器—AI写作助手;0.001557674231234;-0.2000970990869494;0.5781191606168026;-0.16811877715099097
AI写作这是要逆天？ 啥都不会，1分钟就能写出一篇完美的文章！;0.0106082986437491;-0.0355258686416441;0.4383644155898473;-0.022686852966577627
3款最新AI神器！定会刷新你对AI的认知，AI写作，AI绘画，AI写歌;0.0013428226131328;0.6802213111709077;0.8793349046409924;0.8691731436172535
万能写作助手，国内版AI智能内容创作神器，免费使用;0.0005102725929904;0.0687716923340512;0.6688246187505625;0.06683236733102645
【果核剥壳】工作学习必备神器，这款AI写作工具你不会不知道吧？;0.0099637437894454;0.0373588559788856;0.4365567285450236;0.02375539603627175
刺客边风！国内免费无限制使用ChatGPT软件APP，安卓苹果iOS双端！ai人工智能黑科技，全自动写作、文案小说文章论文代码、资源搜索下载、AI绘画视频剪辑！;0.0114139922116288;0.0958997612557983;0.5141046584705113;0.07180706166635727
别再折腾了chatgpt啦，试试我们国人自己的ai写作神器;0.0046193097891768;0.3128185900324188;0.4669130168910579;0.21243875268173507
一件改写＋AI写作！！秘塔写作猫太好用了！！！;0.0006445548543037;-0.1300182219432659;0.596565917698966;-0.1127049168412348
在B站 尝试用AI替我写文案【思维+】;0.9302537934738822;0.4401813547707225;0.5598577196374912;0.4241474262498478
一整个震惊！AI续写软件竟然帮我写了本小说，文采比我还好;0.0036524775077212;0.3964859811924818;0.5280348197632558;0.304405239627333
ai绘画，ai聊天，ai写作论文;8.05693567879683e-05;-0.4613666886946628;0.6686417394177647;-0.4482018052526788
AI写作 但文不对题;0.0001342822613132;0.990435333915243;0.668794876883313;0.9624026726845613
中文AI写作黑科技 轻松创作原创文章;0.0058815630455216;-0.0263680434992477;0.4793563635899209;-0.018388916599898903
Chat GPT平替？丨看看notion ai如何帮你写作。;0.0003759903316771;-0.5718876074670752;0.8674847093683562;-0.7208111521275363
学生党必备 AI 写作神器——秘塔写作猫分享体验;0.0078420840606955;0.2457254893094355;0.4743982586631221;0.1696751784134539
AI辅助写作，帮你准确表达;0.0002954209748892;0.7487512272301604;0.6690602344087295;0.7278671855174138
下个十年，最强生产力？AI 写作工具硬核测评 - 秘塔写作猫;0.2701221968577951;0.3737661132732969;0.8514372812649278;0.47865885573066097
清华出品！学霸私藏的写作神器，写情书的灵感源泉，文案狗内卷必备~;0.0005908419497784;-0.7378210154285091;0.7648461212620298;-0.8199557837575919
Notion的AI写作功能感觉还行;0.0001342822613132;-0.3759939146524349;0.6329102707647104;-0.3457492654060258
七个用了能让你直呼“卧槽”的AI写作软件，1分钟搞定10000字！清华出品，必属精品！!;0.0009131193769303;0.6200695525593446;0.507958180863068;0.4577023794303726
【NovelAI】没想到AI写作这么棒！灵感枯竭的时候真的可以用;0.0002954209748892;0.6134025020108543;0.6876938937353771;0.6128998412003341
非常好用的AI智能写文章神器，文案自动生成写作辅助工具;0.0004834161407278;0.2943479811946197;0.6108700436193993;0.2612619377951944
AI自动生成小红书文案！;0.0001611387135759;0.3751647777464121;0.6688766585547179;0.3645925519227548
史上最牛英文写作AI-ChatGPT横空出世 -- 你的工作受到威胁了吗？;0.0004297032362024;0.5844911457285819;0.9222207351555598;0.7831832153255821
写作猫，非常好用的一个软件，可以ai写作，修改文章，多种体验，集AI.多人协作，文本校对，改写润色，自动配图等功能为一体！很好用哦;8.05693567879683e-05;0.5337304522402049;0.6686529807870886;0.518509419575164
AI人工智能助你成为更好的写作者 | 使用Chat GPT写作的5个高级提示 | 合理使用;0.0027662145830535;0.4712596779929789;0.5659397738084475;0.38769871841651077
AI写作：三体·科学边界;5.3712904525312205e-05;-0.980654678989748;0.6686417689620132;-0.9526679452730182
9个非常好用的AI智能写文章神器，文案自动生成写作辅助工具;0.0192292198200617;0.5055590521479162;0.2548755015487408;0.18877892060116724
好用的帮助论文写作的Ai工具;2.6856452262656103e-05;-0.4956519845566793;0.6686478863593533;-0.4815089149629889
七个用了能让你直呼“卧槽”的AI写作软件，1分钟搞定好多好多字！就问你牛不牛！！！;0.0005371290452531;0.7518502746721287;0.7469349664606125;0.8159751284007501
GPT33驱动的AI写作神器软件APP;2.6856452262656103e-05;-0.0059846877168066;0.6686418575947588;-0.005813866576888787
AI 写 作 业;0.0001074258090506;0.4916952112772103;0.6395043539347649;0.4568521350076992
第6集#公文格式规范#国标#版记#AI智能写作;0.0001074258090506;0.7224264705882353;0.6688138923002651;0.7019961907714238
[软件] Notion AI 初体验，写作辅助初步感受;0.0045924533369141;-0.0508785063258414;0.3947718171342966;-0.029219283250037156
ai写作太亏贼了;0.0001342822613132;-0.0495642203850262;0.6686608840908042;-0.04815173684129262
“AI写作”有多离谱？UP主这16年语文简直白学了! 【收藏不亏32】;0.0149321874580367;0.2195268413361819;0.4841760448181743;0.1549546644171261
FridayAI智能写作，颠覆你对高效率工具的认知;0.001638243588022;-0.1058849652058904;0.7424175714428308;-0.1142397060581225
《邂逅》——AI写作（一）;2.6856452262656103e-05;0.762175179557461;0.6686417394177647;0.7404202572754317
Notion AI，一个笔记里面的ai机器人，写作领域的黑科技工具！;5.3712904525312205e-05;-0.666666666666667;0.6686529992522439;-0.6476516598166057
用AI拯救你的论文和工作总结，人工智能写作，优雅！;0.005075869477642;-0.144617219862104;0.4911569912731542;-0.10331581659515571
天花板级别：AI自动生成文案神器;0.0237142473479253;-0.1032397595236978;0.4559237597626587;-0.06878123473233323
七个用了能让你直呼“卧槽”的AI写作软件，1分钟搞定10000字！清华出品，必属精品！！！;0.0004028467839398;-0.1071428571428571;0.8444529441779278;-0.13145883090345384
我的Ai机器人正式停运了！也是不得已的原因，同时也整理了非常多的AI绘画，Ai写作，Ai写代码，A开源项目的站！;0.0012891097086074;0.1667140201037312;0.5442478273357478;0.13185942535666315
写小说和剧本：最专业的编辑器;0.1790519672351282;0.1304485372955855;0.6792569340702848;0.13250694354335107
FlowUs AI 小课堂 NO.1｜ AI 写作与文本处理，基础入门就看这一课;0.0013965355176581;-0.1247897726878845;0.4820232171128928;-0.08742080528981702
最强AI？麻麻再也不用担心我的学习了？！;8.05693567879683e-05;-0.1255453620027947;0.6687182183980834;-0.12197693349998977
AI帮你写ESSAY.推荐给大家。;0.0009131193769303;0.3374631866561111;0.6698724036200597;0.32848257094699523
下一个要火出圈的元宇宙技术——AI写作！;2.6856452262656103e-05;0.6144020172176525;0.6686418243574792;0.5968650904010332
秘塔写作猫 | AI 如何消灭错别字和语病？这款应用做到了。;0.0653417483550422;0.0771486394727525;0.5738460528123754;0.06513462011380985
丢掉狗屁不通文章生成器吧，AI写作来了！;0.0065798308043507;-0.2433403077011108;0.4119076962133794;-0.1458855144693552
秘塔写作猫| 实用网站分享 句子续写 AI写作全文，写文章解放双手;0.0002148516181012;-0.0524655636156183;0.6689979376117422;-0.050996772037178374
最强AI写作神器｜自动帮你写论文｜AI帮你一天完成毕业论文｜easy essay还有哪些好用的功能！！！;0.0066604001611387;0.3725457503718761;0.5731609976305031;0.31063092917582025
七个用了能让你直呼“卧槽”的AI写作软件，1分钟搞定好多好多字！太牛了！！;0.0005639854975157;0.6594903978945484;0.6785325135055468;0.6502005236848828
七个用了能让你直呼“卧槽”的AI写作软件，1分钟搞定好多好多字！就问你酷不酷！！;0.0005639854975157;0.6594903978945484;0.6785639236037005;0.6502306194811893
AI论文写作神器-仅能辅助，切勿依赖;0.004995300120854;0.0974420639263299;0.5013110353312223;0.07104972098053054
谷歌出品的6个AI黑科技，一个比一个离谱，还有什么是AI干不了的嘛？;0.0105008728346985;0.123783907307503;0.4791230362395013;0.08637650339829724
雅思写作自学7+，一款AI软件ChatGPT就够了！马斯克都夸的AI聊天软件，雅思老师要下岗了啊。#雅思 #雅思写作 #chatgpt #雅思口语 #AI;0.0352356653686048;0.2073153042464356;0.4854865436950926;0.1474092825741862
当代AI论文写作有多牛？;5.3712904525312205e-05;-0.720491138945387;0.6686608673635458;-0.6999491592378367
推荐两款 AI 神器！线稿上色、智能写作 ，完全免费开源！| 零度解说;0.0118974083523566;-0.1886928033065702;0.4029471631010279;-0.1108291366327029
【建议收藏】堪比Notion AI的国产写作神器有多离谱？;5.3712904525312205e-05;-0.0524655636156183;0.6686608471604935;-0.05096971225196691
离开学只有1天，我让ai替我写作业;0.0004565596884651;-0.7193676161956257;0.8271618961803257;-0.8645619260808813
秘塔写作猫，一款懒人必备AI写作神器;0.0014502484221834;0.0861766890590741;0.6326291208374594;0.07922781129009962
【生草】ChatGPT自己做的视频：让AI为你提供更好的写作建议;0.0001074258090506;0.313971049242697;0.6686475022841226;0.30501602167657205
超好用的降重、AI写作网站;-5.3712904525312205e-05;0.535593220338983;0.8477213701908768;0.659649463459232
AIGC101⚡《Friday AI》无需魔法上网的全能AI写作工具 | 傻瓜版ChatGPT？;0.0001342822613132;0.7677569452380051;0.668891266080287;0.7461343513773222
来点ai写作;0.0001342822613132;0.2149288058051606;0.6687810223686552;0.20884126925439533
秘塔写作猫，AI智能写，一周内完成论文初稿;0.0002417080703639;-0.1638580103870638;0.6170131223444855;-0.1468956885688828
【自动生成】AI人工智能写作，让你打开新世界的大门！;0.0191217940110111;0.059775509736998;0.4222442458569121;0.036854870990713974
艾博士AI写作平台，为每一位创作者提供优质服务，你值得拥有！;8.05693567879683e-05;0.3510541771702957;0.6687697736132693;0.3411023120903514
完全免费！用 Tracup AI 帮你轻松写文章;0.0002148516181012;0.0407788525501201;0.5590772127418958;0.033124810702934264
AI工具集，里面有几百个AI工具，ChatGPT等程序员必备工具;0.0003759903316771;0.5122942680678233;0.6691386849580684;0.4980704973516163
介绍一个很好的写作软件（秘塔写作猫），支持段落的改写，以及AI智能写作，大家感兴趣的可以去试试哦。;2.6856452262656103e-05;-0.8277442734747384;0.6686417394177647;-0.8041177991131706
AI写作有点东西啊？我用它是不是直接可以去接单了？逻辑缜密，有次考究！不错;2.6856452262656103e-05;0.9719759175333108;0.6686487172913429;0.9442424636758717
AI帮你写论文，一周时间完成10000字？？？;0.0095071841009802;0.1329299575479368;0.6175795017089236;0.11947747130973495
SCI英文学术论文写作神器—AI写作助手;0.0076003759903316;-0.4566176889684137;0.5452858086811786;-0.3623072867465864
打工人AI神器！给个标题就能生成全文，又是摸鱼的一天！;0.0004297032362024;-0.0454145183039573;0.6690851887292023;-0.04415045528147579
500+AI工具导航，收藏这个就够了，集合全球AI应用。;0.0001611387135759;0.0;0.6688451768353626;0.0
原创文章生成器，Ai智能在线写作，一键生成文章、文案、方案、代码，在线答疑解惑等等;0.0001342822613132;0.0151878058373514;0.6687643519593808;0.014757266133183886
免费AI写作copyai|自媒体营销带货批量神器Copydone;0.0002417080703639;-0.8728885622233852;0.7335316754176834;-0.9302970506811336
【文章生成 量子速写】你们信我！！用这个就没有写不出的文章！！！;0.0039478984826104;-0.1679724172543243;0.4809779008712384;-0.11748625560114503
AI写作，写文章真是方便;5.3712904525312205e-05;-0.0524655636156183;0.6686417394177647;-0.0509682557475817
3个一点都不比ChatGPT差的AI网站，每一个都能帮你节省大量工作，第一个妥妥的打工人效率神器;0.0113871357593661;0.0287619071600522;0.5136410063833773;0.02151661290815741
精选6类20个AI工具网站盘点！chatGPT、AI绘画、AI写作...全部收录，免费直达！让AI帮你打工;0.0044581710756009;0.1061588559264727;0.5075736880195381;0.07836227389489976
ChatGPT平替 帮你写作业的AI不看一下？无需部署 Paddle AI Studio网页端体验版;0.0188800859406472;0.1896559714306092;0.4350879691863433;0.12046491933347477
分享AI写作;2.6856452262656103e-05;0.7468346851309464;0.6686417394177647;0.7255176297238402
考研读研写作神器｜水论文｜AI写作｜轻松3分钟搞定2000字;0.0029273532966295;0.15586926760815;0.4675037024216534;0.10594383007283763
ChatGPT写本科毕业论文靠谱吗 AI一键生成论文范文;0.0045924533369141;-0.270967893394866;0.4098533941941149;-0.16155291750925166
秘塔写作猫简直是写论文的福音，可以ai写作，可以续写、改写，大家快用起来吧;8.05693567879683e-05;0.1249559667975346;0.6686529770940575;0.12139244666827283
AI自动帮你看文献，写作效率嘎嘎起飞;0.0703639049281589;0.2781647817987273;0.6045551618374777;0.2474836491628978
没有人会拒绝AI写作的;0.0001342822613132;0.0;0.6686608914768662;0.0
【摸鱼必备】当代打工人、学生党如何用AI预防内卷;0.0033302000805693;0.254976689039924;0.4661634776382342;0.17282691594474203
极简雅思写作--AI版;0.0005908419497784;0.9052696070828714;0.6687341047315382;0.8796342138551675
打破创作瓶颈，从此创作不再头疼！试试这款全能的AI写作工具【冠军写作】吧！;8.05693567879683e-05;0.5061703055186146;0.9730313927559284;0.7155756932971866
AI 带来文字革命？我与同龄求职者最大的差距原来是……;0.0027662145830535;0.0689808422689045;0.4460817889109239;0.04473734304750543
真香！用ChatGPT自学雅思写作！AI打开了无痛高效学习的新大门！;0.0005639854975157;-0.1582572056270559;0.6695839898339032;-0.1539704097164705
免费的AI小论文自动生成器，这样太牛了吧！;0.0140996374378944;0.0715735278516868;0.4590977283405426;0.04790326348869845
【写作猫】智能AI识别错别字和语病;0.0017725258493353;-0.0173700898579039;0.5290811255547992;-0.013357157163802858
家人们用flowus 写作AI刷题嘎嘎香！📌;0.0002148516181012;0.2240770589289613;0.585761776416207;0.19070592750488594
AI写作;2.6856452262656103e-05;-0.5401445699201892;0.6686417431107957;-0.5247271157102558
ai写作;2.6856452262656103e-05;0.4935461443470275;0.6686799475171601;0.47948615316669424
我能用AI写作业吗？;2.6856452262656103e-05;0.5853953006875077;0.668642496489133;0.56868688659512
Obsidian 中的 AI 写作  【AI Text Generation 插件】;0.0015845306834967;-0.1033416492628458;0.5917657066850911;-0.08887557848627606
「论文降重」三个步骤86%降低到7%,火龙果写作+DeepL/学术改写+AI续写+翻译降重/毕业学渣的绝地求生/优秀学术论文/知网陷入了沉思~导师夸了我;0.0445279978514838;0.2626924036155375;0.548960630512289;0.2114040807554235
用魔法打败魔法，AI写作检测工具- originality;2.6856452262656103e-05;0.2635707411365349;0.6686608767047421;0.2560549158201243
欧路词典AI写作功能实测/欧陆词典写作润色 写作批改 英语作文润色;0.0003491338794145;0.0105818300437848;0.6686889450442564;0.010281066967717722
写报告无从下手？写完不忍直视？Notion AI 帮写帮改！｜chatgpt衍生工具 ｜Notion app 新功能 | 人工智能写作;0.0003491338794145;-0.0789690015114275;0.5757397472379612;-0.06606024644043247
FlowUs AI ：灵感一触即发，智能写作助手来袭，公测通道正式开启！;0.0422989123136833;-0.0788928906664017;0.4818464967221221;-0.055768656179220055
文案工作者会失业吗？Open AI写作——Obsidian插件TextGenerator;0.0037599033167718;0.1945099883051811;0.5103038062590666;0.14432919176028458
当你和 AI 结对写作并让它配图;0.0015308177789713;-0.1514732558160809;0.5718866004777549;-0.1258934394998427
Ai写作猫分享;2.6856452262656103e-05;0.9353513792080186;0.6686417431107957;0.9086534582027801
国内版ChatGPT，最便宜的人工智能软件“AI灵感工厂”，你的创意灵感来源。;2.6856452262656103e-05;0.9156258392745862;0.6686420127020635;0.8894913069250034
用AI写SEO文章？能做到排名第一吗？｜AI能代替写手吗？ChatGPT写作应用案例;0.0020142339196992;0.1336132545550552;0.5055609506866069;0.09818459337972149
ChatGPT 2秒写出了你2小时写出的作文？ AI时代的学生不好好学习会被AI淘汰吗？;0.0026050758694776;0.3411889376349751;0.5982181536918245;0.29668301551713777
如何应用GPT？当然是用来学习啦！安利【欧路词典】AII翻译写作面试全搞定;0.0002148516181012;0.303275676523669;0.6689483810451221;0.2947635335013087
秘塔写字猫，很好用的AI写作平台;5.3712904525312205e-05;0.5220615762346696;0.6686776999819015;0.5071898048161162
毕业季+秘塔写作猫=论文一路狂飙;0.0158453068349671;0.0534310972804508;0.4701638942246803;0.03663487139277198
notion AI太贵？来看国产平替！不输爆火的ChatGPT，笔记软件内嵌的AI写作到底有多牛！思路打开，你将会获得1款效率大杀器！;0.0024439371559017;-0.3018389677994852;0.5256976378209861;-0.23065542715280057
免费校对纠错、补全、改写润色和句子推荐与生成，AI写作Effidit;0.0008862629246676;-0.4020096459493786;0.8458722303082671;-0.49410570247689956
用AI智能写小说，改写扩写毫无问题，可以写小白文;0.0052101517389552;-0.1102191737264502;0.456730647565105;-0.07323108919281619
尝试AI写作文，你们说这newbing的水平怎么样;0.0006445548543037;0.3839578182563569;0.7809400217123854;0.4356814705181443
ChatGPT国内用不了？推荐一款堪比ChatGPT的国产AI神器，功能强到要逆天！;0.0145830535786222;0.0348202815264811;0.4436694730660201;0.022526986870921677
【雅思】我悟了，用AI高阶润色雅思写作属实太香了！;0.0009668322814556;0.5853953006875077;0.6696066996523911;0.569595775343026
国产ChatGPT？AI平台辅助写毕业论文？高效优质的写作秘诀我悟了！;0.0063918356385121;0.1811128787749605;0.4525190654505173;0.11926014995014395
ChatGPT能写出一篇完美的公文吗？｜工作中如何有效使用ChatGPT;0.0107425809050624;0.0518445996939661;0.4145740277479993;0.031317153912208774
查重加码！Turnitin推出ai机器论文检测功能！查重的同时也查ai了！;0.0002417080703639;-0.4678263976605781;0.5941600960548225;-0.4038647078045858
你可能不知道的ChatGPT论文写作技巧2：规避AI内容检测;0.0335705653283201;0.0268123647342542;0.4944089407668502;0.01940500392525981
FlowUs AI 升级归来：新增智能编程、表格分析、深度文本处理、多国语言互译等能力，手机端AI功能本周更新后同步上线！立即开启AI之旅！;0.0137505035584799;-0.0652037903676028;0.4253277759400082;-0.040437277125572754
【AI改写润色】写作还能这样？再也不怕写作困难了，怕不是写作魔术吧！超级有用;0.0008325500201423;0.4476224639712693;0.6218468638241252;0.40447156099391857
有了这款工具，一天轻松搞定100篇文案，写小红书、短视频文案可直接用！;0.0001074258090506;-0.1971850738422855;0.6915314773981807;-0.19811691442574716
写作ai推荐写作猫;2.6856452262656103e-05;0.9899245884384956;0.6686473582559112;0.9616770493399762
AI写作之《开局地摊卖大力》;0.0002954209748892;0.8611567260237925;0.7346034095198333;0.9191420001900891
当你告诉AI自己是AI;0.3850409560897005;0.1567589245595071;0.4263914412727407;0.10685480789380228
AI绘画软件，一键安装，超简单!!不会画画也可以成为绘画大师！！;0.0143144890559957;-0.3866934968720563;0.4041361426245274;-0.22794415639627894
浏览器插件 ChatGPT for Google 实现类似新版 bing 的功能;0.0008325500201423;0.2710223303585963;0.6156815626588673;0.242468061071439
新生人工智能ChatGPT能带来什么，还是带走什么？;0.0038673291258224;0.1258780806751492;0.5467118314829933;0.1000640013277819
腾讯新出一款牛X软件，写作神器，文采飞扬，果然厉害！;0.0002954209748892;0.4796789708460615;0.6690925585816878;0.4663223738294441
让AI辅助您高效写作，这款AI写作神器全面升级，功能超乎想象;0.0001611387135759;-0.4936336369741292;0.6687448349419152;-0.4796283904118387
Ai 写作小红书和咸鱼卖货不要太轻松，一天一百条简单无脑不重样;5.3712904525312205e-05;0.0674750566512615;0.6686427623873696;0.06554949510627281
智能写作软件 智能ai论文降重系统;8.05693567879683e-05;0.9879493179118028;0.6686422232048342;0.9597593389705495
【ai绘画】姐姐的腿太绝了！;0.0257016248153618;0.1064788462697637;0.4392780603850381;0.06839827025533224
Ai绘画艺术！实习护士小女友;0.1592587619175507;0.2190874041062986;0.4823060080081665;0.1591536932713991
【旁门左道PPT】国内大厂出品的8款AI神器竟然这么无敌了？！;0.0516449577010876;0.1331238648342292;0.5152435973962992;0.10076428860560674
【读研趣谈】Figdraw 免费中文绘图网站 不会R语言 不会AI 像做PPT一样 论文写作必备 师兄师姐都在用;0.0033302000805693;-0.0710496631628293;0.5408820956782144;-0.05587141889746993
用AI续写《曹操献刀》，如果早知道献刀会被……;0.0011548274472942;0.0121444981186978;0.4901040306751096;0.008649870441019525
月入10W的10个最佳免费AI内容创建工具自动制作文章视频自媒体人必备赚钱工具AI视频编辑工具免费AI写作工具赚钱项目如何在家创业在家办公网络赚钱在家做副业兼职;0.0011548274472942;-0.0708494856415331;0.5872295171918136;-0.060459915238274486
使用AI工具写作过程展示：外贸如何做谷歌SEO高排名的内容;0.0001074258090506;-0.8019018831852887;0.7894383591853047;-0.919759100450038
Midjourney AI 快速生成UI/运营插画;0.2412246542231771;-0.1186457718668232;0.974604004677121;-0.17261989438478156
「论文速降重」3个办法巨实用!Deepl+火龙果写作/翻译降重+AI续写+学术改写/巨实用的毕业论文查重降重办法,知网看了流泪;0.0025245065126896;0.4273643170104205;0.7792325053637436;0.4840048261168563
抵制ai，拒绝幼态审美;1.0;0.1526677047236034;0.574465793395673;0.1520657554073501
我是真没想到，有一天我的口语老师是AI;0.0749026453605478;0.0700189209179391;0.5135896964389404;0.053093449366748584
吐槽向|菜鸟用notion AI写任意门小说，居然……;0.0004565596884651;0.2769807693862147;0.6686667540550628;0.2691041302742419
强烈推荐-科院基于ChatGPT推出论文写作辅助神器;0.0002417080703639;-0.1753038298592303;0.7548096478268602;-0.19225266450801426
AI写作：《薛定谔的“我”》反复离世;0.0001074258090506;0.6283311957898565;0.829313890148489;0.7570801877565391
第26课网络作家面对AI写作应该思考的问题和应对之策;0.0015308177789713;0.6201510933526777;0.4568631670604669;0.4117877157688382
腾讯出品的这5个免费神器，功能也太全面了吧，打工人学生党必备~;0.0023633677991137;-0.0769230769230764;0.67199850853336;-0.07513161101533891
ai写作猫;2.6856452262656103e-05;0.8511220141639271;0.6686608434674625;0.8268518877201891
用AI续写鸡汤来了文言文版，竟然把写出了普通话来哈哈哈哈（彩云小梦）;0.0165704310460588;0.2972781906992077;0.5045093114368182;0.21869675324136328
【ChatGPT体验】智能到可以帮你写作业的AI？真的假的？;0.0001074258090506;0.6181777001805704;0.668647409958346;0.6005460605946369
七个用了能让你直呼“卧槽”的AI写作软件，1分钟搞定10000字！清华出品，必属精品！;0.0017456693970726;0.6694915254237289;0.6717303397450366;0.6535720963570232
为何chatgpt/AI/edge改雅思作文不靠谱/把我和simon作文都改成8分;8.05693567879683e-05;0.5600619577573862;0.668738397119821;0.5441595011504278
用人工智能写作是什么体验？错别字从此消失，论文重复率也降下来了！;0.0009936887337182;0.4185679068723069;0.6701319567036881;0.4075922066142163
ai写作李天梭的极霸矛;0.0002417080703639;0.3533190242840984;0.6687754626190059;0.34331506525777267
